call_id,call_date,start_time,customer_phone,call_reason,agent_id,queue,channel,status,wait_seconds,handle_seconds,hold_seconds,after_call_work_seconds,csat_score,first_contact_resolution,transfer_count,call_datetime,hour,week_day,day,shift_time
C0013,2026-01-01,0 days 08:32:04,98912000790,Account Access,A01,Support,Phone,Answered,106,299,16,59,3,Yes,0,2026-01-01 08:32:04,8,Thursday,1,Morning
C0029,2026-01-01,0 days 08:55:30,912000134,Account Access,A06,Sales,Phone,Answered,11,231,13,42,2,Yes,0,2026-01-01 08:55:30,8,Thursday,1,Morning
C0032,2026-01-01,0 days 10:22:55,912000374,Subscription Change,A06,Billing,Callback,Answered,67,215,56,67,3,No,0,2026-01-01 10:22:55,10,Thursday,1,Morning
C0033,2026-01-01,0 days 10:44:31,912000295,Product Inquiry,A05,Support,Phone,Abandoned,163,,,,,,0,2026-01-01 10:44:31,10,Thursday,1,Morning
C0028,2026-01-01,0 days 11:00:39,912000641,Account Access,A03,Support,Phone,Answered,106,372,13,53,3,No,1,2026-01-01 11:00:39,11,Thursday,1,Morning
C0027,2026-01-01,0 days 11:07:03,912001290,Product Inquiry,A10,Sales,Phone,Answered,42,292,73,21,5,Yes,0,2026-01-01 11:07:03,11,Thursday,1,Morning
C0022,2026-01-01,0 days 11:15:19,912000551,Billing Issue,A04,Billing,Phone,Answered,100,258,41,69,5,Yes,0,2026-01-01 11:15:19,11,Thursday,1,Morning
C0010,2026-01-01,0 days 12:21:14,912001165,Complaint,A09,Support,Phone,Answered,137,410,29,69,4,Yes,0,2026-01-01 12:21:14,12,Thursday,1,Morning
C0018,2026-01-01,0 days 12:41:44,912001008,Account Access,A12,Support,Phone,Transferred,136,376,47,72,5,Yes,0,2026-01-01 12:41:44,12,Thursday,1,Morning
C0009,2026-01-01,0 days 12:51:39,912001118,Refund Request,A06,Support,Phone,Answered,178,307,36,47,3,Yes,0,2026-01-01 12:51:39,12,Thursday,1,Morning
C0025,2026-01-01,0 days 14:01:20,912000559,Technical Problem,A11,Billing,Callback,Answered,38,177,9,38,5,Yes,1,2026-01-01 14:01:20,14,Thursday,1,Afternoon
C0004,2026-01-01,0 days 14:09:47,912000550,Technical Problem,A12,Support,Phone,Answered,141,396,48,30,4,Yes,0,2026-01-01 14:09:47,14,Thursday,1,Afternoon
C0021,2026-01-01,0 days 14:10:11,912001426,Billing Issue,A03,Billing,Phone,Answered,48,206,35,48,5,No,2,2026-01-01 14:10:11,14,Thursday,1,Afternoon
C0005,2026-01-01,0 days 15:05:56,912000598,Product Inquiry,A10,Sales,Phone,Answered,33,253,59,51,3,Yes,0,2026-01-01 15:05:56,15,Thursday,1,Afternoon
C0002,2026-01-01,0 days 15:07:48,912000398,Order Status,A07,Sales,Phone,Abandoned,88,,,,,,0,2026-01-01 15:07:48,15,Thursday,1,Afternoon
C0016,2026-01-01,0 days 15:10:23,912000445,Account Access,A07,Support,Phone,Abandoned,185,40,,,,,0,2026-01-01 15:10:23,15,Thursday,1,Afternoon
C0006,2026-01-01,0 days 15:22:27,912001114,Account Access,A10,Sales,Phone,Answered,71,151,33,45,3,Yes,2,2026-01-01 15:22:27,15,Thursday,1,Afternoon
C0012,2026-01-01,0 days 15:43:59,912001182,Billing Issue,A10,Billing,Phone,Answered,74,216,13,50,3,Yes,0,2026-01-01 15:43:59,15,Thursday,1,Afternoon
C0008,2026-01-01,0 days 16:22:04,912000135,Complaint,A07,Support,Phone,Answered,99,561,78,45,3,Yes,0,2026-01-01 16:22:04,16,Thursday,1,Afternoon
C0003,2026-01-01,0 days 16:41:35,912000387,Account Access,A12,Sales,Callback,Answered,39,219,48,42,4,No,0,2026-01-01 16:41:35,16,Thursday,1,Afternoon
C0030,2026-01-01,0 days 16:48:21,912000316,Subscription Change,A06,Sales,Phone,Answered,21,258,66,60,5,Yes,0,2026-01-01 16:48:21,16,Thursday,1,Afternoon
C0011,2026-01-01,0 days 17:15:06,912000214,Technical Problem,A10,Sales,Phone,Answered,88,159,27,69,4,Yes,0,2026-01-01 17:15:06,17,Thursday,1,Afternoon
C0024,2026-01-01,0 days 17:17:28,912001350,Complaint,A07,Billing,Phone,Answered,72,397,8,46,3,Yes,0,2026-01-01 17:17:28,17,Thursday,1,Afternoon
C0026,2026-01-01,0 days 17:30:28,912000763,Technical Problem,A01,Support,Callback,Answered,176,318,75,66,4,Yes,0,2026-01-01 17:30:28,17,Thursday,1,Afternoon
C0015,2026-01-01,0 days 17:45:05,912000511,Account Access,A04,Support,Phone,Abandoned,152,,,,,,0,2026-01-01 17:45:05,17,Thursday,1,Afternoon
C0023,2026-01-01,0 days 17:51:38,912000069,Product Inquiry,A11,Sales,Phone,Answered,33,281,18,65,3,No,1,2026-01-01 17:51:38,17,Thursday,1,Afternoon
C0001,2026-01-01,0 days 18:46:03,912001304,Account Access,A06,Billing,Phone,Answered,84,187,24,62,3,No,0,2026-01-01 18:46:03,18,Thursday,1,Afternoon
C0031,2026-01-01,0 days 19:02:18,912000347,Order Status,A01,Sales,Phone,Answered,29,271,55,72,5,Yes,0,2026-01-01 19:02:18,19,Thursday,1,Afternoon
C0020,2026-01-01,0 days 19:09:04,912000633,Product Inquiry,A09,Sales,Phone,Answered,63,274,9,62,3,No,0,2026-01-01 19:09:04,19,Thursday,1,Afternoon
C0014,2026-01-01,0 days 19:47:57,912000761,Complaint,A10,Sales,Callback,Answered,59,261,69,29,5,Yes,2,2026-01-01 19:47:57,19,Thursday,1,Afternoon
C0007,2026-01-01,0 days 19:49:08,912001366,Refund Request,A02,Billing,Phone,Answered,75,182,21,44,4,Yes,0,2026-01-01 19:49:08,19,Thursday,1,Afternoon
C0019,2026-01-01,0 days 19:58:33,912000786,Account Access,A09,Sales,Phone,Answered,33,219,28,33,3,No,0,2026-01-01 19:58:33,19,Thursday,1,Afternoon
C0063,2026-01-02,0 days 08:57:33,912000723,Complaint,A02,Sales,Phone,Answered,55,260,17,63,4,Yes,1,2026-01-02 08:57:33,8,Friday,2,Morning
C0042,2026-01-02,0 days 09:20:41,912000877,Product Inquiry,A09,Sales,Phone,Answered,66,281,80,31,4,Yes,1,2026-01-02 09:20:41,9,Friday,2,Morning
C0052,2026-01-02,0 days 09:32:28,912000880,Billing Issue,A10,Billing,Phone,Answered,49,172,55,43,5,Yes,1,2026-01-02 09:32:28,9,Friday,2,Morning
C0047,2026-01-02,0 days 11:04:44,912000392,Order Status,A08,Sales,Phone,Answered,60,176,45,75,5,Yes,0,2026-01-02 11:04:44,11,Friday,2,Morning
C0055,2026-01-02,0 days 12:07:26,912000514,Product Inquiry,A12,Support,Phone,Transferred,160,432,65,36,4,No,2,2026-01-02 12:07:26,12,Friday,2,Morning
C0054,2026-01-02,0 days 12:39:20,912001358,Product Inquiry,A12,Sales,Callback,Answered,68,276,67,65,1,Yes,0,2026-01-02 12:39:20,12,Friday,2,Morning
C0037,2026-01-02,0 days 14:23:23,912001063,Billing Issue,A03,Support,Phone,Answered,140,446,40,35,2,Yes,2,2026-01-02 14:23:23,14,Friday,2,Afternoon
C0034,2026-01-02,0 days 14:27:38,912001442,Complaint,A05,Billing,Phone,Answered,30,201,42,39,3,Yes,0,2026-01-02 14:27:38,14,Friday,2,Afternoon
C0035,2026-01-02,0 days 14:28:02,912000527,Technical Problem,A10,Support,Callback,Transferred,135,482,12,24,3,Yes,0,2026-01-02 14:28:02,14,Friday,2,Afternoon
C0050,2026-01-02,0 days 15:05:25,912000934,Technical Problem,A04,Support,Callback,Answered,87,352,68,58,3,Yes,1,2026-01-02 15:05:25,15,Friday,2,Afternoon
C0044,2026-01-02,0 days 15:08:40,912000435,Technical Problem,A09,Support,Phone,Answered,145,428,24,30,3,Yes,0,2026-01-02 15:08:40,15,Friday,2,Afternoon
C0059,2026-01-02,0 days 15:34:22,912000308,Technical Problem,A11,Support,Callback,Answered,158,347,66,32,2,Yes,2,2026-01-02 15:34:22,15,Friday,2,Afternoon
C0041,2026-01-02,0 days 15:35:08,912000406,Account Access,A05,Support,Phone,Answered,161,464,66,53,3,Yes,0,2026-01-02 15:35:08,15,Friday,2,Afternoon
C0056,2026-01-02,0 days 15:46:03,912001230,Technical Problem,A11,Support,Phone,Abandoned,169,,,,,,0,2026-01-02 15:46:03,15,Friday,2,Afternoon
C0051,2026-01-02,0 days 15:54:06,912001123,Billing Issue,A12,Support,Callback,Answered,142,291,56,23,3,Yes,0,2026-01-02 15:54:06,15,Friday,2,Afternoon
C0038,2026-01-02,0 days 15:58:35,912000384,Subscription Change,A12,Sales,Phone,Answered,68,265,30,27,3,Yes,0,2026-01-02 15:58:35,15,Friday,2,Afternoon
C0062,2026-01-02,0 days 15:59:35,912001320,Account Access,A10,Support,Phone,Abandoned,117,,,,,,0,2026-01-02 15:59:35,15,Friday,2,Afternoon
C0039,2026-01-02,0 days 16:05:51,912001083,Technical Problem,A06,Support,Callback,Answered,160,296,75,54,2,Yes,0,2026-01-02 16:05:51,16,Friday,2,Afternoon
C0058,2026-01-02,0 days 16:30:55,912001142,Account Access,A12,Billing,Phone,Answered,73,201,66,53,4,No,0,2026-01-02 16:30:55,16,Friday,2,Afternoon
C0040,2026-01-02,0 days 16:44:40,912000702,Billing Issue,A04,Sales,Phone,Answered,57,175,35,70,4,Yes,0,2026-01-02 16:44:40,16,Friday,2,Afternoon
C0036,2026-01-02,0 days 17:10:01,912001213,Product Inquiry,A08,Sales,Phone,Answered,31,233,51,44,3,Yes,2,2026-01-02 17:10:01,17,Friday,2,Afternoon
C0053,2026-01-02,0 days 17:12:38,912000183,Billing Issue,A01,Support,Phone,Answered,161,365,65,53,3,Yes,0,2026-01-02 17:12:38,17,Friday,2,Afternoon
C0065,2026-01-02,0 days 17:59:02,912000099,Refund Request,A03,Billing,Phone,Transferred,46,260,68,31,5,No,2,2026-01-02 17:59:02,17,Friday,2,Afternoon
C0066,2026-01-02,0 days 18:00:19,912000683,Account Access,A06,Support,Phone,Answered,152,419,72,51,3,Yes,1,2026-01-02 18:00:19,18,Friday,2,Afternoon
C0057,2026-01-02,0 days 18:09:52,912000375,Account Access,A12,Support,Phone,Answered,96,360,58,29,3,Yes,0,2026-01-02 18:09:52,18,Friday,2,Afternoon
C0049,2026-01-02,0 days 18:26:15,912000158,Account Access,A06,Billing,Callback,Transferred,60,184,25,51,5,Yes,2,2026-01-02 18:26:15,18,Friday,2,Afternoon
C0064,2026-01-02,0 days 18:26:41,912001402,Subscription Change,A08,Billing,Callback,Answered,76,196,12,69,4,Yes,0,2026-01-02 18:26:41,18,Friday,2,Afternoon
C0046,2026-01-02,0 days 18:34:18,912001169,Subscription Change,A04,Support,Phone,Abandoned,179,,,,,,0,2026-01-02 18:34:18,18,Friday,2,Afternoon
C0045,2026-01-02,0 days 18:36:02,912001009,Product Inquiry,A01,Billing,Phone,Transferred,53,243,31,69,1,Yes,0,2026-01-02 18:36:02,18,Friday,2,Afternoon
C0043,2026-01-02,0 days 18:53:07,912001410,Technical Problem,A03,Support,Phone,Answered,177,368,71,38,3,Yes,2,2026-01-02 18:53:07,18,Friday,2,Afternoon
C0048,2026-01-02,0 days 19:08:48,912000298,Technical Problem,A06,Support,Phone,Answered,85,348,62,35,5,Yes,0,2026-01-02 19:08:48,19,Friday,2,Afternoon
C0060,2026-01-02,0 days 19:19:49,912000928,Complaint,A12,Sales,Phone,Answered,61,283,40,38,4,Yes,0,2026-01-02 19:19:49,19,Friday,2,Afternoon
C0061,2026-01-02,0 days 19:52:22,912000492,Account Access,A05,Billing,Callback,Answered,30,204,61,61,3,Yes,0,2026-01-02 19:52:22,19,Friday,2,Afternoon
C0094,2026-01-03,0 days 08:10:05,912000617,Technical Problem,A06,Support,Phone,Answered,179,304,72,22,4,No,0,2026-01-03 08:10:05,8,Saturday,3,Morning
C0083,2026-01-03,0 days 09:15:16,912001471,Product Inquiry,A08,Sales,Phone,Abandoned,42,,,,,,0,2026-01-03 09:15:16,9,Saturday,3,Morning
C0073,2026-01-03,0 days 09:32:28,912000548,Order Status,A09,Billing,Phone,Answered,27,231,64,63,4,Yes,1,2026-01-03 09:32:28,9,Saturday,3,Morning
C0088,2026-01-03,0 days 10:21:14,912000401,Account Access,A08,Support,Callback,Answered,177,345,67,66,2,Yes,0,2026-01-03 10:21:14,10,Saturday,3,Morning
C0096,2026-01-03,0 days 10:54:20,0912000994,Order Status,A03,Sales,Phone,Answered,77,159,43,30,5,No,1,2026-01-03 10:54:20,10,Saturday,3,Morning
C0078,2026-01-03,0 days 10:56:46,912000978,Subscription Change,A11,Billing,Phone,Answered,22,190,31,24,4,Yes,0,2026-01-03 10:56:46,10,Saturday,3,Morning
C0082,2026-01-03,0 days 11:11:48,912000369,Subscription Change,A04,Support,Phone,Answered,174,486,64,23,3,No,0,2026-01-03 11:11:48,11,Saturday,3,Morning
C0067,2026-01-03,0 days 11:51:07,912000603,Subscription Change,A11,Support,Phone,Answered,93,283,48,70,2,Yes,0,2026-01-03 11:51:07,11,Saturday,3,Morning
C0093,2026-01-03,0 days 14:15:44,912000354,Subscription Change,A02,Sales,Phone,Answered,64,148,16,45,2,Yes,0,2026-01-03 14:15:44,14,Saturday,3,Afternoon
C0069,2026-01-03,0 days 14:28:48,912000133,Order Status,A10,Sales,Phone,Answered,28,232,35,23,3,Yes,0,2026-01-03 14:28:48,14,Saturday,3,Afternoon
C0072,2026-01-03,0 days 15:03:53,912000846,Complaint,A10,Support,Phone,Answered,111,498,71,48,3,Yes,0,2026-01-03 15:03:53,15,Saturday,3,Afternoon
C0095,2026-01-03,0 days 15:17:02,912000991,Account Access,A05,Billing,Phone,Abandoned,24,,,,,,0,2026-01-03 15:17:02,15,Saturday,3,Afternoon
C0091,2026-01-03,0 days 15:31:01,912001255,Product Inquiry,A01,Sales,Phone,Answered,56,210,73,38,5,No,0,2026-01-03 15:31:01,15,Saturday,3,Afternoon
C0080,2026-01-03,0 days 15:36:38,912000951,Account Access,A04,Billing,Callback,Answered,69,226,33,46,5,Yes,0,2026-01-03 15:36:38,15,Saturday,3,Afternoon
C0086,2026-01-03,0 days 15:49:18,912001103,Technical Problem,A06,Support,Phone,Answered,116,411,68,49,3,No,0,2026-01-03 15:49:18,15,Saturday,3,Afternoon
C0079,2026-01-03,0 days 16:03:15,912001359,Technical Problem,A04,Support,Phone,Answered,200,294,22,52,5,Yes,2,2026-01-03 16:03:15,16,Saturday,3,Afternoon
C0097,2026-01-03,0 days 16:34:21,912000244,Account Access,A12,Support,Phone,Abandoned,167,,,,,,0,2026-01-03 16:34:21,16,Saturday,3,Afternoon
C0068,2026-01-03,0 days 16:40:57,912001163,Product Inquiry,A06,Support,Phone,Answered,155,304,28,28,1,No,0,2026-01-03 16:40:57,16,Saturday,3,Afternoon
C0070,2026-01-03,0 days 16:59:57,912000609,Technical Problem,A12,Billing,Phone,Answered,78,238,33,34,4,Yes,2,2026-01-03 16:59:57,16,Saturday,3,Afternoon
C0089,2026-01-03,0 days 17:10:08,912000962,Refund Request,A09,Support,Phone,Transferred,77,414,9,73,4,No,1,2026-01-03 17:10:08,17,Saturday,3,Afternoon
C0084,2026-01-03,0 days 17:12:03,912001468,Refund Request,A10,Sales,Phone,Answered,30,290,76,33,4,No,0,2026-01-03 17:12:03,17,Saturday,3,Afternoon
C0090,2026-01-03,0 days 17:26:08,912000521,Refund Request,A12,Billing,Phone,Answered,73,218,52,23,4,Yes,0,2026-01-03 17:26:08,17,Saturday,3,Afternoon
C0074,2026-01-03,0 days 17:47:13,912000360,Technical Problem,A06,Support,Phone,Abandoned,139,,,,,,0,2026-01-03 17:47:13,17,Saturday,3,Afternoon
C0092,2026-01-03,0 days 17:58:11,912001231,Product Inquiry,A03,Sales,Phone,Answered,75,204,50,37,5,Yes,2,2026-01-03 17:58:11,17,Saturday,3,Afternoon
C0087,2026-01-03,0 days 17:58:13,912001295,Product Inquiry,A10,Support,Phone,Transferred,178,284,38,55,3,Yes,1,2026-01-03 17:58:13,17,Saturday,3,Afternoon
C0076,2026-01-03,0 days 18:24:05,912000442,Order Status,A09,Support,Phone,Answered,180,369,20,31,2,Yes,2,2026-01-03 18:24:05,18,Saturday,3,Afternoon
C0081,2026-01-03,0 days 18:58:11,912000781,Order Status,A08,Support,Phone,Answered,144,451,53,70,3,Yes,0,2026-01-03 18:58:11,18,Saturday,3,Afternoon
C0085,2026-01-03,0 days 19:00:13,912000755,Account Access,A02,Billing,Callback,Answered,81,277,36,64,5,Yes,0,2026-01-03 19:00:13,19,Saturday,3,Afternoon
C0098,2026-01-03,0 days 19:03:06,912000676,Technical Problem,A06,Support,Callback,Answered,148,432,55,69,4,Yes,0,2026-01-03 19:03:06,19,Saturday,3,Afternoon
C0071,2026-01-03,0 days 19:23:26,912001332,Complaint,A09,Support,Callback,Answered,167,343,15,53,1,Yes,0,2026-01-03 19:23:26,19,Saturday,3,Afternoon
C0077,2026-01-03,0 days 19:53:00,912000355,Product Inquiry,A08,Billing,Callback,Answered,112,228,53,72,3,Yes,0,2026-01-03 19:53:00,19,Saturday,3,Afternoon
C0075,2026-01-03,0 days 19:59:57,912001069,Subscription Change,A01,Sales,Callback,Answered,21,174,58,43,5,Yes,2,2026-01-03 19:59:57,19,Saturday,3,Afternoon
C0129,2026-01-04,0 days 09:23:16,912001245,Product Inquiry,A11,Sales,Phone,Answered,35,300,44,66,5,Yes,0,2026-01-04 09:23:16,9,Sunday,4,Morning
C0111,2026-01-04,0 days 09:26:58,912001033,Account Access,A12,Billing,Phone,Answered,79,218,31,53,4,Yes,0,2026-01-04 09:26:58,9,Sunday,4,Morning
C0128,2026-01-04,0 days 09:50:53,912001212,Account Access,A03,Support,Phone,Answered,93,331,21,61,4,No,1,2026-01-04 09:50:53,9,Sunday,4,Morning
C0102,2026-01-04,0 days 09:57:35,912000193,Account Access,A10,Billing,Callback,Answered,83,177,39,39,3,Yes,0,2026-01-04 09:57:35,9,Sunday,4,Morning
C0103,2026-01-04,0 days 11:19:30,912000215,Account Access,A04,Billing,Phone,Answered,112,238,30,49,5,Yes,0,2026-01-04 11:19:30,11,Sunday,4,Morning
C0106,2026-01-04,0 days 11:50:25,912000493,Product Inquiry,A04,Support,Callback,Answered,154,454,75,21,4,Yes,2,2026-01-04 11:50:25,11,Sunday,4,Morning
C0115,2026-01-04,0 days 12:29:07,912001015,Refund Request,A09,Sales,Callback,Transferred,30,292,54,59,4,Yes,0,2026-01-04 12:29:07,12,Sunday,4,Morning
C0104,2026-01-04,0 days 12:39:24,912001316,Billing Issue,A06,Billing,Phone,Answered,37,198,46,58,3,Yes,2,2026-01-04 12:39:24,12,Sunday,4,Morning
C0118,2026-01-04,0 days 14:03:55,912001157,Subscription Change,A03,Support,Phone,Answered,146,409,68,46,4,No,2,2026-01-04 14:03:55,14,Sunday,4,Afternoon
C0125,2026-01-04,0 days 14:09:36,912000795,Complaint,A07,Support,Phone,Answered,186,596,56,52,4,Yes,1,2026-01-04 14:09:36,14,Sunday,4,Afternoon
C0116,2026-01-04,0 days 14:11:52,912000946,Account Access,A10,Support,Callback,Answered,170,360,20,35,4,Yes,0,2026-01-04 14:11:52,14,Sunday,4,Afternoon
C0127,2026-01-04,0 days 14:13:31,912000188,Order Status,A06,Sales,Callback,Answered,18,284,67,70,2,Yes,0,2026-01-04 14:13:31,14,Sunday,4,Afternoon
C0099,2026-01-04,0 days 14:14:22,912000348,Technical Problem,A03,Support,Phone,Answered,176,301,42,71,2,Yes,1,2026-01-04 14:14:22,14,Sunday,4,Afternoon
C0107,2026-01-04,0 days 14:18:53,912000386,Order Status,A07,Support,Callback,Answered,117,467,37,62,4,Yes,0,2026-01-04 14:18:53,14,Sunday,4,Afternoon
C0101,2026-01-04,0 days 14:35:35,912001228,Order Status,A02,Support,Phone,Answered,81,432,46,75,3,Yes,0,2026-01-04 14:35:35,14,Sunday,4,Afternoon
C0100,2026-01-04,0 days 14:50:40,912000794,Subscription Change,A06,Sales,Phone,Answered,10,218,61,43,2,Yes,1,2026-01-04 14:50:40,14,Sunday,4,Afternoon
C0119,2026-01-04,0 days 15:05:36,912000836,Order Status,A05,Sales,Phone,Answered,24,277,41,30,5,Yes,1,2026-01-04 15:05:36,15,Sunday,4,Afternoon
C0117,2026-01-04,0 days 15:26:38,912000455,Subscription Change,A03,Sales,Phone,Answered,76,184,76,30,4,Yes,1,2026-01-04 15:26:38,15,Sunday,4,Afternoon
C0120,2026-01-04,0 days 15:32:07,912001096,Technical Problem,A09,Support,Phone,Abandoned,116,,,,,,0,2026-01-04 15:32:07,15,Sunday,4,Afternoon
C0110,2026-01-04,0 days 15:33:35,912000734,Refund Request,A08,Support,Phone,Answered,163,453,80,64,1,Yes,0,2026-01-04 15:33:35,15,Sunday,4,Afternoon
C0113,2026-01-04,0 days 15:35:10,912000545,Refund Request,A08,Support,Phone,Answered,151,327,28,60,4,Yes,0,2026-01-04 15:35:10,15,Sunday,4,Afternoon
C0126,2026-01-04,0 days 15:37:00,912000112,Complaint,A02,Billing,Callback,Answered,78,241,50,74,3,Yes,0,2026-01-04 15:37:00,15,Sunday,4,Afternoon
C0121,2026-01-04,0 days 15:48:02,912000101,Account Access,A04,Billing,Phone,Transferred,66,266,36,39,3,Yes,1,2026-01-04 15:48:02,15,Sunday,4,Afternoon
C0130,2026-01-04,0 days 16:00:13,912001194,Technical Problem,A04,Support,Phone,Answered,136,282,48,72,4,No,0,2026-01-04 16:00:13,16,Sunday,4,Afternoon
C0112,2026-01-04,0 days 16:20:04,912001443,Complaint,A02,Support,Callback,Answered,113,445,18,63,4,No,1,2026-01-04 16:20:04,16,Sunday,4,Afternoon
C0109,2026-01-04,0 days 16:22:10,912000806,Billing Issue,A11,Support,Phone,Answered,121,472,47,70,2,Yes,0,2026-01-04 16:22:10,16,Sunday,4,Afternoon
C0108,2026-01-04,0 days 16:37:25,912000085,Account Access,A12,Support,Callback,Answered,109,372,73,58,4,Yes,0,2026-01-04 16:37:25,16,Sunday,4,Afternoon
C0124,2026-01-04,0 days 17:08:48,912000403,Account Access,A05,Billing,Callback,Answered,36,191,23,65,5,Yes,0,2026-01-04 17:08:48,17,Sunday,4,Afternoon
C0123,2026-01-04,0 days 17:36:22,912000182,Technical Problem,A03,Support,Phone,Answered,179,354,78,37,5,No,2,2026-01-04 17:36:22,17,Sunday,4,Afternoon
C0122,2026-01-04,0 days 18:05:28,912000655,Refund Request,A04,Billing,Phone,Answered,96,238,59,30,5,No,0,2026-01-04 18:05:28,18,Sunday,4,Afternoon
C0114,2026-01-04,0 days 18:28:37,912000185,Refund Request,A04,Support,Phone,Answered,198,487,13,56,2,No,0,2026-01-04 18:28:37,18,Sunday,4,Afternoon
C0105,2026-01-04,0 days 19:20:18,912001312,Technical Problem,A10,Support,Phone,Abandoned,133,,,,,,0,2026-01-04 19:20:18,19,Sunday,4,Afternoon
C0140,2026-01-05,0 days 08:05:59,912000589,Refund Request,A10,Support,Phone,Answered,188,448,27,27,1,Yes,0,2026-01-05 08:05:59,8,Monday,5,Morning
C0157,2026-01-05,0 days 09:17:24,912001490,Technical Problem,A09,Sales,Phone,Answered,61,279,7,44,4,Yes,1,2026-01-05 09:17:24,9,Monday,5,Morning
C0154,2026-01-05,0 days 09:52:25,912000814,Technical Problem,A11,Support,Phone,Answered,145,346,14,21,4,Yes,2,2026-01-05 09:52:25,9,Monday,5,Morning
C0162,2026-01-05,0 days 10:08:21,912001414,Technical Problem,A06,Support,Callback,Answered,88,430,23,69,3,Yes,0,2026-01-05 10:08:21,10,Monday,5,Morning
C0149,2026-01-05,0 days 11:02:58,912000311,Order Status,A07,Sales,Callback,Answered,57,315,17,52,2,No,0,2026-01-05 11:02:58,11,Monday,5,Morning
C0135,2026-01-05,0 days 11:03:50,912001034,Billing Issue,A08,Billing,Callback,Answered,75,241,14,53,4,Yes,1,2026-01-05 11:03:50,11,Monday,5,Morning
C0145,2026-01-05,0 days 11:04:36,912000092,Technical Problem,A01,Support,Phone,Answered,172,412,10,45,2,Yes,0,2026-01-05 11:04:36,11,Monday,5,Morning
C0143,2026-01-05,0 days 11:06:57,912000582,Refund Request,A04,Support,Phone,Abandoned,81,,,,,,0,2026-01-05 11:06:57,11,Monday,5,Morning
C0134,2026-01-05,0 days 11:38:38,912000326,Technical Problem,A12,Support,Phone,Answered,209,504,43,33,4,Yes,0,2026-01-05 11:38:38,11,Monday,5,Morning
C0136,2026-01-05,0 days 12:24:55,912000952,Subscription Change,A09,Billing,Phone,Answered,80,258,14,21,3,Yes,0,2026-01-05 12:24:55,12,Monday,5,Morning
C0148,2026-01-05,0 days 12:48:42,912000191,Order Status,A05,Support,Phone,Answered,137,340,58,51,2,No,2,2026-01-05 12:48:42,12,Monday,5,Morning
C0150,2026-01-05,0 days 14:08:15,912001057,Subscription Change,A07,Sales,Callback,Answered,77,358,39,34,5,Yes,0,2026-01-05 14:08:15,14,Monday,5,Afternoon
C0133,2026-01-05,0 days 14:13:05,912001495,Refund Request,A02,Billing,Phone,Answered,69,204,59,40,4,Yes,1,2026-01-05 14:13:05,14,Monday,5,Afternoon
C0156,2026-01-05,0 days 14:27:11,912000072,Order Status,A05,Support,Callback,Answered,89,288,36,61,3,Yes,0,2026-01-05 14:27:11,14,Monday,5,Afternoon
C0131,2026-01-05,0 days 15:14:24,912001282,Billing Issue,A02,Sales,Callback,Answered,66,216,22,44,3,Yes,1,2026-01-05 15:14:24,15,Monday,5,Afternoon
C0141,2026-01-05,0 days 15:22:33,912001177,Technical Problem,A05,Support,Callback,Answered,86,471,39,66,1,No,1,2026-01-05 15:22:33,15,Monday,5,Afternoon
C0158,2026-01-05,0 days 15:58:36,912000918,Billing Issue,A03,Support,Phone,Answered,163,287,40,23,3,No,2,2026-01-05 15:58:36,15,Monday,5,Afternoon
C0138,2026-01-05,0 days 16:05:40,912000563,Technical Problem,A05,Support,Phone,Answered,80,410,31,71,3,Yes,0,2026-01-05 16:05:40,16,Monday,5,Afternoon
C0151,2026-01-05,0 days 16:09:06,912000397,Product Inquiry,A07,Sales,Phone,Answered,66,330,44,49,3,Yes,0,2026-01-05 16:09:06,16,Monday,5,Afternoon
C0159,2026-01-05,0 days 16:14:10,912000557,Account Access,A05,Sales,Phone,Answered,60,154,33,56,4,No,1,2026-01-05 16:14:10,16,Monday,5,Afternoon
C0155,2026-01-05,0 days 17:05:57,912000009,Refund Request,A02,Billing,Callback,Answered,79,166,26,56,4,Yes,0,2026-01-05 17:05:57,17,Monday,5,Afternoon
C0142,2026-01-05,0 days 17:17:33,912001115,Product Inquiry,A10,Sales,Phone,Answered,65,270,51,23,4,Yes,0,2026-01-05 17:17:33,17,Monday,5,Afternoon
C0139,2026-01-05,0 days 17:41:43,912001003,Refund Request,A07,Support,Phone,Abandoned,195,,,,,,0,2026-01-05 17:41:43,17,Monday,5,Afternoon
C0152,2026-01-05,0 days 17:44:38,912000114,Subscription Change,A06,Sales,Callback,Answered,55,203,50,45,3,Yes,0,2026-01-05 17:44:38,17,Monday,5,Afternoon
C0160,2026-01-05,0 days 17:54:11,912001225,Product Inquiry,A12,Sales,Phone,Answered,96,147,50,56,3,Yes,0,2026-01-05 17:54:11,17,Monday,5,Afternoon
C0144,2026-01-05,0 days 18:00:15,912000016,Order Status,A03,Sales,Phone,Answered,75,281,58,34,5,No,1,2026-01-05 18:00:15,18,Monday,5,Afternoon
C0146,2026-01-05,0 days 18:20:05,912000965,Account Access,A04,Support,Phone,Answered,189,469,36,49,5,No,0,2026-01-05 18:20:05,18,Monday,5,Afternoon
C0137,2026-01-05,0 days 18:50:25,912000624,Account Access,A09,Support,Phone,Abandoned,124,,,,,,0,2026-01-05 18:50:25,18,Monday,5,Afternoon
C0153,2026-01-05,0 days 19:01:25,912000848,Technical Problem,A09,Billing,Phone,Answered,79,173,22,27,5,No,0,2026-01-05 19:01:25,19,Monday,5,Afternoon
C0132,2026-01-05,0 days 19:09:04,912000033,Account Access,A11,Support,Phone,Answered,114,464,32,60,3,No,1,2026-01-05 19:09:04,19,Monday,5,Afternoon
C0161,2026-01-05,0 days 19:56:31,912001322,Complaint,A01,Support,Phone,Answered,99,434,33,21,5,Yes,0,2026-01-05 19:56:31,19,Monday,5,Afternoon
C0186,2026-01-06,0 days 08:54:36,912000636,Billing Issue,A04,Billing,Phone,Answered,64,243,57,52,5,No,0,2026-01-06 08:54:36,8,Tuesday,6,Morning
C0187,2026-01-06,0 days 08:58:08,912001293,Account Access,A01,Support,Phone,Answered,147,486,44,65,3,Yes,2,2026-01-06 08:58:08,8,Tuesday,6,Morning
C0163,2026-01-06,0 days 09:45:42,912000108,Technical Problem,A05,Support,Phone,Answered,90,467,60,70,3,Yes,0,2026-01-06 09:45:42,9,Tuesday,6,Morning
C0183,2026-01-06,0 days 09:54:33,912000788,Account Access,A04,Billing,Phone,Abandoned,56,,,,,,0,2026-01-06 09:54:33,9,Tuesday,6,Morning
C0170,2026-01-06,0 days 09:57:05,912001085,Technical Problem,A08,Support,Callback,Answered,168,435,60,30,5,Yes,0,2026-01-06 09:57:05,9,Tuesday,6,Morning
C0173,2026-01-06,0 days 11:25:30,912000127,Subscription Change,A02,Support,Phone,Answered,119,327,52,44,2,Yes,0,2026-01-06 11:25:30,11,Tuesday,6,Morning
C0184,2026-01-06,0 days 11:29:03,912000343,Product Inquiry,A05,Billing,Phone,Answered,79,224,55,60,3,Yes,1,2026-01-06 11:29:03,11,Tuesday,6,Morning
C0181,2026-01-06,0 days 11:31:54,912001342,Billing Issue,A04,Support,Phone,Answered,189,478,46,37,2,Yes,1,2026-01-06 11:31:54,11,Tuesday,6,Morning
C0167,2026-01-06,0 days 14:16:13,912000100,Product Inquiry,A05,Sales,Phone,Answered,56,140,11,44,3,Yes,0,2026-01-06 14:16:13,14,Tuesday,6,Afternoon
C0188,2026-01-06,0 days 14:22:29,912000721,Order Status,A11,Sales,Phone,Answered,49,241,79,26,5,No,0,2026-01-06 14:22:29,14,Tuesday,6,Afternoon
C0172,2026-01-06,0 days 14:27:05,912000926,Product Inquiry,A10,Sales,Phone,Answered,26,192,26,60,5,Yes,0,2026-01-06 14:27:05,14,Tuesday,6,Afternoon
C0171,2026-01-06,0 days 14:35:46,912000025,Billing Issue,A11,Billing,Phone,Answered,50,172,11,45,3,No,0,2026-01-06 14:35:46,14,Tuesday,6,Afternoon
C0168,2026-01-06,0 days 14:56:24,912000035,Technical Problem,A08,Support,Phone,Abandoned,173,,,,,,0,2026-01-06 14:56:24,14,Tuesday,6,Afternoon
C0182,2026-01-06,0 days 14:58:52,912001002,Complaint,A09,Support,Phone,Transferred,175,294,70,70,3,Yes,0,2026-01-06 14:58:52,14,Tuesday,6,Afternoon
C0192,2026-01-06,0 days 15:12:21,912000855,Complaint,A09,Support,Phone,Answered,130,512,50,52,4,Yes,0,2026-01-06 15:12:21,15,Tuesday,6,Afternoon
C0174,2026-01-06,0 days 15:14:53,912001265,Order Status,A12,Sales,Phone,Answered,46,228,74,46,4,Yes,2,2026-01-06 15:14:53,15,Tuesday,6,Afternoon
C0193,2026-01-06,0 days 15:18:06,912001306,Account Access,A12,Support,Phone,Abandoned,182,,,,,,0,2026-01-06 15:18:06,15,Tuesday,6,Afternoon
C0185,2026-01-06,0 days 15:28:11,912001144,Subscription Change,A09,Billing,Phone,Answered,40,267,38,67,1,Yes,1,2026-01-06 15:28:11,15,Tuesday,6,Afternoon
C0180,2026-01-06,0 days 16:25:02,912000322,Technical Problem,A12,Support,Callback,Answered,190,515,39,43,3,No,0,2026-01-06 16:25:02,16,Tuesday,6,Afternoon
C0164,2026-01-06,0 days 16:35:44,912001466,Technical Problem,A06,Billing,Phone,Answered,42,208,44,66,5,Yes,0,2026-01-06 16:35:44,16,Tuesday,6,Afternoon
C0169,2026-01-06,0 days 17:14:10,912000208,Refund Request,A01,Support,Phone,Answered,110,346,18,24,2,No,0,2026-01-06 17:14:10,17,Tuesday,6,Afternoon
C0166,2026-01-06,0 days 17:15:22,912001014,Subscription Change,A02,Billing,Phone,Abandoned,62,,,,,,0,2026-01-06 17:15:22,17,Tuesday,6,Afternoon
C0191,2026-01-06,0 days 17:25:42,912001077,Complaint,A01,Support,Phone,Answered,107,346,58,45,4,Yes,0,2026-01-06 17:25:42,17,Tuesday,6,Afternoon
C0189,2026-01-06,0 days 17:35:41,912000707,Technical Problem,A11,Support,Phone,Answered,78,366,40,60,4,Yes,0,2026-01-06 17:35:41,17,Tuesday,6,Afternoon
C0179,2026-01-06,0 days 17:55:34,912000967,Billing Issue,A05,Billing,Callback,Answered,82,233,65,22,4,Yes,0,2026-01-06 17:55:34,17,Tuesday,6,Afternoon
C0178,2026-01-06,0 days 18:00:50,912000710,Technical Problem,A07,Support,Phone,Answered,103,580,79,68,2,Yes,2,2026-01-06 18:00:50,18,Tuesday,6,Afternoon
C0176,2026-01-06,0 days 18:51:36,912000709,Order Status,A02,Support,Phone,Transferred,127,324,26,33,3,Yes,1,2026-01-06 18:51:36,18,Tuesday,6,Afternoon
C0175,2026-01-06,0 days 18:52:33,912000010,Technical Problem,A08,Support,Phone,Answered,125,356,15,45,3,Yes,1,2026-01-06 18:52:33,18,Tuesday,6,Afternoon
C0177,2026-01-06,0 days 19:27:12,912000483,Subscription Change,A10,Billing,Phone,Answered,40,209,76,45,4,No,0,2026-01-06 19:27:12,19,Tuesday,6,Afternoon
C0165,2026-01-06,0 days 19:36:25,912000783,Billing Issue,A10,Billing,Phone,Answered,95,238,33,60,3,No,0,2026-01-06 19:36:25,19,Tuesday,6,Afternoon
C0190,2026-01-06,0 days 19:41:19,912001038,Technical Problem,A04,Sales,Phone,Abandoned,96,,,,,,0,2026-01-06 19:41:19,19,Tuesday,6,Afternoon
C0194,2026-01-06,0 days 19:57:21,912001029,Account Access,A04,Support,Phone,Abandoned,132,,,,,,0,2026-01-06 19:57:21,19,Tuesday,6,Afternoon
C0199,2026-01-07,0 days 08:00:40,912000981,Order Status,A06,Support,Phone,Answered,83,378,69,57,1,Yes,0,2026-01-07 08:00:40,8,Wednesday,7,Morning
C0211,2026-01-07,0 days 08:16:41,912000999,Technical Problem,A11,Support,Phone,Answered,165,427,77,34,3,Yes,2,2026-01-07 08:16:41,8,Wednesday,7,Morning
C0213,2026-01-07,0 days 08:59:10,912000377,Technical Problem,A08,Support,Phone,Transferred,113,405,46,35,3,Yes,0,2026-01-07 08:59:10,8,Wednesday,7,Morning
C0197,2026-01-07,0 days 09:21:40,912001031,Complaint,A01,Billing,Phone,Answered,55,186,26,56,5,Yes,1,2026-01-07 09:21:40,9,Wednesday,7,Morning
C0206,2026-01-07,0 days 09:32:04,912001292,Product Inquiry,A05,Support,Phone,Answered,128,355,38,49,4,No,0,2026-01-07 09:32:04,9,Wednesday,7,Morning
C0198,2026-01-07,0 days 09:39:27,912001433,Order Status,A08,Support,Phone,Answered,101,331,52,20,3,Yes,1,2026-01-07 09:39:27,9,Wednesday,7,Morning
C0224,2026-01-07,0 days 10:34:44,912000796,Technical Problem,A06,Support,Phone,Answered,144,426,58,63,2,No,1,2026-01-07 10:34:44,10,Wednesday,7,Morning
C0221,2026-01-07,0 days 10:52:08,912000058,Account Access,A10,Sales,Phone,Abandoned,64,,,,,,0,2026-01-07 10:52:08,10,Wednesday,7,Morning
C0205,2026-01-07,0 days 11:02:35,912000095,Complaint,A08,Support,Phone,Answered,80,451,16,27,2,Yes,1,2026-01-07 11:02:35,11,Wednesday,7,Morning
C0202,2026-01-07,0 days 11:34:39,912000730,Billing Issue,A11,Sales,Callback,Answered,63,145,11,64,3,Yes,0,2026-01-07 11:34:39,11,Wednesday,7,Morning
C0203,2026-01-07,0 days 11:44:09,912000791,Product Inquiry,A01,Sales,Phone,Answered,52,165,71,37,4,Yes,0,2026-01-07 11:44:09,11,Wednesday,7,Morning
C0208,2026-01-07,0 days 12:28:39,912000138,Technical Problem,A06,Sales,Phone,Answered,21,169,56,45,4,Yes,2,2026-01-07 12:28:39,12,Wednesday,7,Morning
C0201,2026-01-07,0 days 14:14:14,912000516,Billing Issue,A12,Support,Phone,Answered,149,311,51,65,4,Yes,0,2026-01-07 14:14:14,14,Wednesday,7,Afternoon
C0219,2026-01-07,0 days 14:29:52,912000475,Account Access,A02,Billing,Phone,Answered,25,278,80,27,4,Yes,1,2026-01-07 14:29:52,14,Wednesday,7,Afternoon
C0222,2026-01-07,0 days 14:38:58,912001277,Order Status,A07,Support,Phone,Transferred,131,583,22,46,3,No,0,2026-01-07 14:38:58,14,Wednesday,7,Afternoon
C0223,2026-01-07,0 days 15:20:45,912000037,Account Access,A04,Support,Phone,Answered,181,354,49,63,5,Yes,0,2026-01-07 15:20:45,15,Wednesday,7,Afternoon
C0218,2026-01-07,0 days 15:23:44,912000173,Subscription Change,A08,Sales,Callback,Answered,88,244,18,36,5,Yes,0,2026-01-07 15:23:44,15,Wednesday,7,Afternoon
C0214,2026-01-07,0 days 15:24:25,912001068,Account Access,A08,Billing,Phone,Abandoned,89,,,,,,0,2026-01-07 15:24:25,15,Wednesday,7,Afternoon
C0212,2026-01-07,0 days 15:44:39,912001349,Complaint,A04,Sales,Phone,Answered,83,238,24,73,4,No,1,2026-01-07 15:44:39,15,Wednesday,7,Afternoon
C0210,2026-01-07,0 days 16:11:39,912001042,Technical Problem,A01,Support,Phone,Transferred,177,466,21,50,3,Yes,1,2026-01-07 16:11:39,16,Wednesday,7,Afternoon
C0217,2026-01-07,0 days 16:30:45,912001297,Complaint,A02,Support,Phone,Answered,154,336,5,41,4,Yes,0,2026-01-07 16:30:45,16,Wednesday,7,Afternoon
C0226,2026-01-07,0 days 17:13:48,912001095,Technical Problem,A08,Support,Phone,Answered,189,423,33,67,3,Yes,0,2026-01-07 17:13:48,17,Wednesday,7,Afternoon
C0195,2026-01-07,0 days 17:21:23,912000574,Complaint,A02,Sales,Phone,Answered,65,289,79,59,4,No,0,2026-01-07 17:21:23,17,Wednesday,7,Afternoon
C0207,2026-01-07,0 days 18:23:51,912000900,Technical Problem,A02,Support,Phone,Answered,167,507,10,20,2,Yes,1,2026-01-07 18:23:51,18,Wednesday,7,Afternoon
C0215,2026-01-07,0 days 18:28:20,912001066,Subscription Change,A11,Sales,Phone,Answered,35,245,9,55,5,No,0,2026-01-07 18:28:20,18,Wednesday,7,Afternoon
C0204,2026-01-07,0 days 18:32:46,912001240,Complaint,A02,Support,Phone,Answered,147,331,38,73,4,Yes,0,2026-01-07 18:32:46,18,Wednesday,7,Afternoon
C0225,2026-01-07,0 days 18:51:00,912000382,Technical Problem,A03,Support,Phone,Answered,93,348,25,38,1,Yes,2,2026-01-07 18:51:00,18,Wednesday,7,Afternoon
C0209,2026-01-07,0 days 18:51:26,912000555,Technical Problem,A02,Support,Phone,Answered,162,295,25,26,4,Yes,0,2026-01-07 18:51:26,18,Wednesday,7,Afternoon
C0220,2026-01-07,0 days 19:08:31,912000352,Account Access,A09,Sales,Phone,Transferred,63,289,66,52,5,No,1,2026-01-07 19:08:31,19,Wednesday,7,Afternoon
C0200,2026-01-07,0 days 19:29:46,912001300,Product Inquiry,A07,Support,Phone,Transferred,107,652,50,68,5,No,0,2026-01-07 19:29:46,19,Wednesday,7,Afternoon
C0216,2026-01-07,0 days 19:40:19,912000992,Complaint,A11,Billing,Phone,Answered,63,206,11,72,4,Yes,0,2026-01-07 19:40:19,19,Wednesday,7,Afternoon
C0247,2026-01-08,0 days 08:37:37,912000656,Technical Problem,A01,Support,Phone,Answered,139,508,74,50,3,Yes,0,2026-01-08 08:37:37,8,Thursday,8,Morning
C0257,2026-01-08,0 days 09:28:38,912001287,Account Access,A03,Billing,Callback,Answered,101,178,79,72,4,No,2,2026-01-08 09:28:38,9,Thursday,8,Morning
C0254,2026-01-08,0 days 10:23:38,912000495,Billing Issue,A04,Support,Phone,Answered,145,309,66,63,2,Yes,0,2026-01-08 10:23:38,10,Thursday,8,Morning
C0258,2026-01-08,0 days 10:43:21,912000670,Order Status,A02,Billing,Phone,Answered,69,176,18,21,4,No,0,2026-01-08 10:43:21,10,Thursday,8,Morning
C0234,2026-01-08,0 days 11:02:43,912000828,Complaint,A02,Billing,Phone,Answered,89,252,41,21,4,No,1,2026-01-08 11:02:43,11,Thursday,8,Morning
C0244,2026-01-08,0 days 11:18:39,912000767,Account Access,A08,Sales,Phone,Answered,80,218,79,29,4,Yes,0,2026-01-08 11:18:39,11,Thursday,8,Morning
C0242,2026-01-08,0 days 12:26:57,912000658,Account Access,A03,Support,Phone,Answered,166,329,19,31,1,No,2,2026-01-08 12:26:57,12,Thursday,8,Morning
C0245,2026-01-08,0 days 14:00:20,912000815,Product Inquiry,A12,Sales,Phone,Answered,48,174,47,50,4,Yes,0,2026-01-08 14:00:20,14,Thursday,8,Afternoon
C0228,2026-01-08,0 days 14:14:58,912000993,Technical Problem,A06,Support,Phone,Abandoned,139,,,,,,0,2026-01-08 14:14:58,14,Thursday,8,Afternoon
C0256,2026-01-08,0 days 14:36:40,912000464,Product Inquiry,A11,Sales,Phone,Abandoned,70,,,,,,0,2026-01-08 14:36:40,14,Thursday,8,Afternoon
C0230,2026-01-08,0 days 15:08:10,912000917,Technical Problem,A06,Support,Phone,Answered,89,290,24,40,3,No,0,2026-01-08 15:08:10,15,Thursday,8,Afternoon
C0240,2026-01-08,0 days 15:08:47,912000953,Technical Problem,A09,Support,Phone,Answered,151,316,43,63,4,No,1,2026-01-08 15:08:47,15,Thursday,8,Afternoon
C0246,2026-01-08,0 days 15:11:41,912001250,Technical Problem,A03,Support,Callback,Transferred,113,467,14,66,3,Yes,0,2026-01-08 15:11:41,15,Thursday,8,Afternoon
C0232,2026-01-08,0 days 15:25:05,912000674,Complaint,A11,Support,Callback,Answered,116,355,32,68,3,Yes,0,2026-01-08 15:25:05,15,Thursday,8,Afternoon
C0252,2026-01-08,0 days 15:36:11,912000576,Technical Problem,A10,Support,Phone,Answered,188,412,37,44,3,Yes,2,2026-01-08 15:36:11,15,Thursday,8,Afternoon
C0241,2026-01-08,0 days 16:00:35,912000486,Account Access,A01,Billing,Phone,Answered,70,228,75,25,5,Yes,0,2026-01-08 16:00:35,16,Thursday,8,Afternoon
C0239,2026-01-08,0 days 16:04:22,912000499,Refund Request,A11,Billing,Phone,Answered,31,196,61,44,4,Yes,0,2026-01-08 16:04:22,16,Thursday,8,Afternoon
C0251,2026-01-08,0 days 16:06:45,912000980,Technical Problem,A05,Billing,Phone,Abandoned,53,,,,,,0,2026-01-08 16:06:45,16,Thursday,8,Afternoon
C0249,2026-01-08,0 days 16:10:48,912000045,Technical Problem,A03,Support,Phone,Answered,173,503,23,67,1,No,2,2026-01-08 16:10:48,16,Thursday,8,Afternoon
C0255,2026-01-08,0 days 17:01:15,912001078,Order Status,A03,Sales,Phone,Answered,53,286,23,23,4,No,1,2026-01-08 17:01:15,17,Thursday,8,Afternoon
C0229,2026-01-08,0 days 17:12:49,912000532,Technical Problem,A08,Support,Phone,Answered,169,327,27,67,3,Yes,0,2026-01-08 17:12:49,17,Thursday,8,Afternoon
C0250,2026-01-08,0 days 17:14:04,912000107,Subscription Change,A11,Sales,Phone,Answered,68,232,54,50,2,No,1,2026-01-08 17:14:04,17,Thursday,8,Afternoon
C0253,2026-01-08,0 days 17:22:31,912001444,Billing Issue,A01,Billing,Callback,Answered,37,216,26,34,3,Yes,0,2026-01-08 17:22:31,17,Thursday,8,Afternoon
C0235,2026-01-08,0 days 17:28:31,912001143,Product Inquiry,A04,Sales,Callback,Answered,28,182,73,54,5,Yes,0,2026-01-08 17:28:31,17,Thursday,8,Afternoon
C0243,2026-01-08,0 days 17:35:29,912000916,Account Access,A11,Support,Phone,Answered,82,330,79,51,4,Yes,2,2026-01-08 17:35:29,17,Thursday,8,Afternoon
C0233,2026-01-08,0 days 17:41:00,912001465,Complaint,A04,Sales,Phone,Abandoned,78,,,,,,0,2026-01-08 17:41:00,17,Thursday,8,Afternoon
C0237,2026-01-08,0 days 17:41:52,912000739,Billing Issue,A03,Billing,Phone,Answered,73,171,14,23,2,Yes,1,2026-01-08 17:41:52,17,Thursday,8,Afternoon
C0227,2026-01-08,0 days 17:44:18,912001004,Product Inquiry,A07,Support,Phone,Answered,201,510,11,20,4,Yes,1,2026-01-08 17:44:18,17,Thursday,8,Afternoon
C0236,2026-01-08,0 days 17:55:43,912000875,Product Inquiry,A09,Support,Phone,Abandoned,164,,,,,,0,2026-01-08 17:55:43,17,Thursday,8,Afternoon
C0238,2026-01-08,0 days 17:58:16,912001298,Technical Problem,A07,Support,Phone,Answered,94,547,73,20,4,Yes,0,2026-01-08 17:58:16,17,Thursday,8,Afternoon
C0231,2026-01-08,0 days 18:19:31,912000253,Complaint,A02,Billing,Phone,Answered,60,227,33,31,3,No,0,2026-01-08 18:19:31,18,Thursday,8,Afternoon
C0248,2026-01-08,0 days 18:37:46,912000886,Technical Problem,A09,Billing,Phone,Answered,70,206,69,20,5,No,0,2026-01-08 18:37:46,18,Thursday,8,Afternoon
C0287,2026-01-09,0 days 09:04:59,912000129,Complaint,A01,Billing,Phone,Answered,87,257,15,26,4,Yes,0,2026-01-09 09:04:59,9,Friday,9,Morning
C0282,2026-01-09,0 days 09:10:03,912000414,Order Status,A11,Sales,Phone,Answered,57,225,38,43,5,Yes,0,2026-01-09 09:10:03,9,Friday,9,Morning
C0278,2026-01-09,0 days 10:07:44,912000474,Product Inquiry,A01,Support,Phone,Answered,96,377,79,26,2,Yes,0,2026-01-09 10:07:44,10,Friday,9,Morning
C0275,2026-01-09,0 days 10:47:12,912000012,Order Status,A05,Sales,Phone,Answered,22,203,50,29,2,Yes,1,2026-01-09 10:47:12,10,Friday,9,Morning
C0265,2026-01-09,0 days 10:50:44,912000421,Complaint,A09,Billing,Phone,Answered,63,262,75,59,3,Yes,0,2026-01-09 10:50:44,10,Friday,9,Morning
C0281,2026-01-09,0 days 10:51:00,912001341,Product Inquiry,A11,Sales,Phone,Answered,56,220,67,39,2,No,0,2026-01-09 10:51:00,10,Friday,9,Morning
C0269,2026-01-09,0 days 11:25:22,912001417,Account Access,A04,Support,Phone,Answered,196,297,16,55,5,No,0,2026-01-09 11:25:22,11,Friday,9,Morning
C0272,2026-01-09,0 days 11:28:24,912000402,Account Access,A06,Support,Phone,Transferred,128,454,63,57,2,Yes,1,2026-01-09 11:28:24,11,Friday,9,Morning
C0271,2026-01-09,0 days 12:07:51,912000984,Refund Request,A09,Support,Phone,Abandoned,143,,,,,,0,2026-01-09 12:07:51,12,Friday,9,Morning
C0283,2026-01-09,0 days 12:26:07,912000873,Technical Problem,A10,Support,Phone,Answered,173,446,73,31,3,Yes,2,2026-01-09 12:26:07,12,Friday,9,Morning
C0270,2026-01-09,0 days 12:52:17,912000743,Product Inquiry,A08,Sales,Callback,Transferred,56,206,27,46,4,Yes,0,2026-01-09 12:52:17,12,Friday,9,Morning
C0263,2026-01-09,0 days 14:09:27,912000847,Technical Problem,A09,Support,Phone,Answered,116,436,40,63,3,Yes,0,2026-01-09 14:09:27,14,Friday,9,Afternoon
C0259,2026-01-09,0 days 14:09:38,912001447,Subscription Change,A10,Sales,Phone,Answered,101,276,69,68,3,Yes,0,2026-01-09 14:09:38,14,Friday,9,Afternoon
C0280,2026-01-09,0 days 14:36:08,912000592,Refund Request,A02,Billing,Phone,Answered,50,231,60,74,5,Yes,0,2026-01-09 14:36:08,14,Friday,9,Afternoon
C0267,2026-01-09,0 days 14:41:33,912000719,Product Inquiry,A01,Sales,Callback,Transferred,62,184,68,48,5,No,0,2026-01-09 14:41:33,14,Friday,9,Afternoon
C0274,2026-01-09,0 days 14:47:52,912000970,Technical Problem,A03,Support,Phone,Answered,131,508,78,37,5,No,1,2026-01-09 14:47:52,14,Friday,9,Afternoon
C0264,2026-01-09,0 days 15:11:23,912000687,Billing Issue,A05,Support,Phone,Answered,169,460,55,67,2,No,0,2026-01-09 15:11:23,15,Friday,9,Afternoon
C0268,2026-01-09,0 days 15:12:02,912000885,Complaint,A12,Billing,Phone,Answered,72,164,51,35,2,No,0,2026-01-09 15:12:02,15,Friday,9,Afternoon
C0279,2026-01-09,0 days 15:15:17,912000420,Complaint,A06,Support,Phone,Answered,124,333,58,64,3,Yes,1,2026-01-09 15:15:17,15,Friday,9,Afternoon
C0277,2026-01-09,0 days 15:25:14,912000955,Billing Issue,A09,Billing,Phone,Answered,81,280,74,22,4,Yes,0,2026-01-09 15:25:14,15,Friday,9,Afternoon
C0284,2026-01-09,0 days 15:49:47,912000740,Account Access,A10,Support,Phone,Answered,164,502,26,60,3,Yes,1,2026-01-09 15:49:47,15,Friday,9,Afternoon
C0285,2026-01-09,0 days 15:54:58,912000949,Subscription Change,A04,Sales,Phone,Answered,70,208,55,37,5,No,1,2026-01-09 15:54:58,15,Friday,9,Afternoon
C0289,2026-01-09,0 days 15:55:34,912001098,Refund Request,A03,Billing,Phone,Transferred,104,235,63,60,4,No,2,2026-01-09 15:55:34,15,Friday,9,Afternoon
C0290,2026-01-09,0 days 16:34:19,912000395,Billing Issue,A04,Billing,Phone,Abandoned,95,,,,,,0,2026-01-09 16:34:19,16,Friday,9,Afternoon
C0260,2026-01-09,0 days 16:52:00,912000159,Refund Request,A11,Billing,Phone,Answered,73,207,10,64,5,Yes,0,2026-01-09 16:52:00,16,Friday,9,Afternoon
C0261,2026-01-09,0 days 17:24:22,912001360,Product Inquiry,A12,Support,Phone,Answered,138,345,66,69,2,No,0,2026-01-09 17:24:22,17,Friday,9,Afternoon
C0286,2026-01-09,0 days 17:33:28,912000654,Billing Issue,A01,Support,Phone,Answered,100,449,37,67,2,Yes,0,2026-01-09 17:33:28,17,Friday,9,Afternoon
C0288,2026-01-09,0 days 18:19:14,912000691,Complaint,A11,Sales,Phone,Answered,43,183,8,22,4,No,0,2026-01-09 18:19:14,18,Friday,9,Afternoon
C0262,2026-01-09,0 days 18:26:16,912000050,Product Inquiry,A01,Sales,Phone,Answered,17,273,5,44,4,Yes,0,2026-01-09 18:26:16,18,Friday,9,Afternoon
C0266,2026-01-09,0 days 19:00:51,912000113,Technical Problem,A10,Sales,Phone,Answered,32,196,52,25,5,Yes,0,2026-01-09 19:00:51,19,Friday,9,Afternoon
C0276,2026-01-09,0 days 19:31:39,912000716,Subscription Change,A01,Sales,Callback,Answered,30,266,78,75,5,Yes,0,2026-01-09 19:31:39,19,Friday,9,Afternoon
C0307,2026-01-10,0 days 08:04:53,912001238,Technical Problem,A09,Support,Callback,Answered,182,328,29,53,5,Yes,0,2026-01-10 08:04:53,8,Saturday,10,Morning
C0295,2026-01-10,0 days 08:13:21,912000373,Technical Problem,A08,Support,Phone,Transferred,223,300,23,23,3,Yes,0,2026-01-10 08:13:21,8,Saturday,10,Morning
C0316,2026-01-10,0 days 08:25:16,912000661,Technical Problem,A12,Sales,Phone,Abandoned,112,,,,,,0,2026-01-10 08:25:16,8,Saturday,10,Morning
C0360,2026-01-10,0 days 09:19:43,912001484,Product Inquiry,A08,Support,Phone,Answered,245,513,51,45,3,No,0,2026-01-10 09:19:43,9,Saturday,10,Morning
C0297,2026-01-10,0 days 09:42:13,912001216,Technical Problem,A05,Support,Phone,Abandoned,185,,,,,,0,2026-01-10 09:42:13,9,Saturday,10,Morning
C0343,2026-01-10,0 days 09:46:40,912000379,Account Access,A12,Support,Phone,Abandoned,226,,,,,,0,2026-01-10 09:46:40,9,Saturday,10,Morning
C0331,2026-01-10,0 days 10:11:59,912001054,Account Access,A10,Billing,Phone,Answered,142,211,10,58,3,Yes,1,2026-01-10 10:11:59,10,Saturday,10,Morning
C0347,2026-01-10,0 days 10:21:53,912001247,Complaint,A08,Support,Phone,Abandoned,205,,,,,,0,2026-01-10 10:21:53,10,Saturday,10,Morning
C0356,2026-01-10,0 days 10:22:35,912000892,Billing Issue,A12,Support,Phone,Abandoned,142,,,,,,0,2026-01-10 10:22:35,10,Saturday,10,Morning
C0321,2026-01-10,0 days 10:34:13,912000029,Account Access,A05,Sales,Phone,Answered,40,236,79,62,2,Yes,0,2026-01-10 10:34:13,10,Saturday,10,Morning
C0338,2026-01-10,0 days 10:39:48,912001413,Order Status,A08,Sales,Phone,Abandoned,126,,,,,,0,2026-01-10 10:39:48,10,Saturday,10,Morning
C0339,2026-01-10,0 days 10:42:30,912001319,Subscription Change,A10,Support,Phone,Answered,217,440,76,72,2,Yes,1,2026-01-10 10:42:30,10,Saturday,10,Morning
C0322,2026-01-10,0 days 10:44:39,912000167,Subscription Change,A01,Sales,Phone,Answered,95,167,7,38,3,Yes,1,2026-01-10 10:44:39,10,Saturday,10,Morning
C0296,2026-01-10,0 days 10:57:53,912000239,Technical Problem,A01,Sales,Phone,Answered,69,253,36,67,5,Yes,2,2026-01-10 10:57:53,10,Saturday,10,Morning
C0292,2026-01-10,0 days 11:00:35,912000038,Technical Problem,A09,Support,Phone,Answered,205,492,53,34,2,Yes,0,2026-01-10 11:00:35,11,Saturday,10,Morning
C0345,2026-01-10,0 days 11:12:00,912000274,Product Inquiry,A02,Sales,Phone,Answered,95,245,10,41,3,No,0,2026-01-10 11:12:00,11,Saturday,10,Morning
C0329,2026-01-10,0 days 11:14:14,912000924,Product Inquiry,A12,Support,Phone,Abandoned,257,,,,,,0,2026-01-10 11:14:14,11,Saturday,10,Morning
C0312,2026-01-10,0 days 12:08:16,912000561,Technical Problem,A04,Support,Phone,Answered,221,514,32,66,3,Yes,0,2026-01-10 12:08:16,12,Saturday,10,Morning
C0302,2026-01-10,0 days 12:29:17,912001388,Technical Problem,A09,Billing,Phone,Answered,115,264,38,54,4,Yes,0,2026-01-10 12:29:17,12,Saturday,10,Morning
C0304,2026-01-10,0 days 12:41:20,912000565,Technical Problem,A02,Sales,Phone,Answered,43,191,18,51,4,Yes,0,2026-01-10 12:41:20,12,Saturday,10,Morning
C0315,2026-01-10,0 days 12:44:14,912000126,Technical Problem,A07,Sales,Phone,Transferred,97,331,42,70,2,Yes,0,2026-01-10 12:44:14,12,Saturday,10,Morning
C0337,2026-01-10,0 days 12:55:42,912001020,Subscription Change,A03,Billing,Phone,Answered,131,253,62,38,2,Yes,2,2026-01-10 12:55:42,12,Saturday,10,Morning
C0318,2026-01-10,0 days 12:59:36,912001325,Technical Problem,A07,Sales,Phone,Answered,82,319,49,59,5,No,1,2026-01-10 12:59:36,12,Saturday,10,Morning
C0324,2026-01-10,0 days 14:10:01,912000912,Order Status,A11,Support,Phone,Answered,171,487,12,60,5,Yes,0,2026-01-10 14:10:01,14,Saturday,10,Afternoon
C0358,2026-01-10,0 days 14:11:45,912001459,Refund Request,A12,Support,Phone,Abandoned,161,,,,,,0,2026-01-10 14:11:45,14,Saturday,10,Afternoon
C0303,2026-01-10,0 days 14:11:56,912000792,Technical Problem,A10,Sales,Callback,Answered,123,188,72,63,4,Yes,0,2026-01-10 14:11:56,14,Saturday,10,Afternoon
C0291,2026-01-10,0 days 14:16:09,912001401,Technical Problem,A03,Support,Phone,Answered,154,473,66,39,2,No,0,2026-01-10 14:16:09,14,Saturday,10,Afternoon
C0351,2026-01-10,0 days 14:19:13,912000758,Account Access,A06,Support,Phone,Abandoned,129,,,,,,0,2026-01-10 14:19:13,14,Saturday,10,Afternoon
C0342,2026-01-10,0 days 14:24:52,912000722,Billing Issue,A09,Sales,Phone,Answered,54,224,72,46,4,Yes,0,2026-01-10 14:24:52,14,Saturday,10,Afternoon
C0305,2026-01-10,0 days 14:31:33,912000760,Technical Problem,A01,Support,Phone,Answered,99,518,31,61,1,No,0,2026-01-10 14:31:33,14,Saturday,10,Afternoon
C0317,2026-01-10,0 days 14:36:12,912000221,Technical Problem,A09,Support,Callback,Abandoned,216,,,,,,0,2026-01-10 14:36:12,14,Saturday,10,Afternoon
C0294,2026-01-10,0 days 14:44:39,912000840,Technical Problem,A03,Support,Phone,Answered,144,348,21,65,2,Yes,1,2026-01-10 14:44:39,14,Saturday,10,Afternoon
C0323,2026-01-10,0 days 14:45:06,912001354,Subscription Change,A10,Billing,Phone,Answered,163,278,7,22,3,Yes,0,2026-01-10 14:45:06,14,Saturday,10,Afternoon
C0353,2026-01-10,0 days 15:08:13,912001396,Account Access,A12,Support,Phone,Abandoned,178,,,,,,0,2026-01-10 15:08:13,15,Saturday,10,Afternoon
C0350,2026-01-10,0 days 15:10:36,912000752,Order Status,A02,Support,Phone,Transferred,200,461,9,37,2,Yes,0,2026-01-10 15:10:36,15,Saturday,10,Afternoon
C0335,2026-01-10,0 days 15:25:26,912000646,Account Access,A08,Support,Phone,Answered,144,344,46,64,2,Yes,0,2026-01-10 15:25:26,15,Saturday,10,Afternoon
C0334,2026-01-10,0 days 15:27:18,912000463,Subscription Change,A09,Support,Phone,Transferred,200,303,69,27,5,Yes,0,2026-01-10 15:27:18,15,Saturday,10,Afternoon
C0341,2026-01-10,0 days 15:35:11,912001404,Subscription Change,A06,Billing,Phone,Abandoned,98,,,,,,0,2026-01-10 15:35:11,15,Saturday,10,Afternoon
C0308,2026-01-10,0 days 15:35:26,912001148,Technical Problem,A10,Support,Phone,Answered,204,322,28,55,2,Yes,0,2026-01-10 15:35:26,15,Saturday,10,Afternoon
C0352,2026-01-10,0 days 15:51:30,912001223,Subscription Change,A06,Billing,Phone,Transferred,126,259,46,29,5,Yes,1,2026-01-10 15:51:30,15,Saturday,10,Afternoon
C0348,2026-01-10,0 days 15:55:34,912000525,Subscription Change,A07,Billing,Phone,Abandoned,161,,,,,,0,2026-01-10 15:55:34,15,Saturday,10,Afternoon
C0313,2026-01-10,0 days 15:57:44,912001189,Technical Problem,A02,Support,Callback,Answered,219,377,15,69,3,No,0,2026-01-10 15:57:44,15,Saturday,10,Afternoon
C0340,2026-01-10,0 days 16:02:09,912000613,Refund Request,A10,Billing,Phone,Answered,85,182,25,63,4,Yes,0,2026-01-10 16:02:09,16,Saturday,10,Afternoon
C0344,2026-01-10,0 days 16:20:16,912000195,Account Access,A06,Support,Callback,Transferred,186,466,68,51,2,No,1,2026-01-10 16:20:16,16,Saturday,10,Afternoon
C0357,2026-01-10,0 days 16:21:34,912000809,Complaint,A08,Support,Phone,Abandoned,155,,,,,,0,2026-01-10 16:21:34,16,Saturday,10,Afternoon
C0330,2026-01-10,0 days 16:23:11,912001089,Complaint,A03,Billing,Phone,Answered,126,278,39,46,3,No,1,2026-01-10 16:23:11,16,Saturday,10,Afternoon
C0299,2026-01-10,0 days 16:25:50,912000236,Technical Problem,A10,Sales,Callback,Answered,105,162,36,30,4,Yes,0,2026-01-10 16:25:50,16,Saturday,10,Afternoon
C0327,2026-01-10,0 days 16:33:58,912000228,Subscription Change,A03,Sales,Callback,Answered,64,282,73,66,5,No,0,2026-01-10 16:33:58,16,Saturday,10,Afternoon
C0359,2026-01-10,0 days 16:42:51,912001173,Account Access,A08,Support,Callback,Abandoned,253,,,,,,0,2026-01-10 16:42:51,16,Saturday,10,Afternoon
C0346,2026-01-10,0 days 16:44:18,912001012,Product Inquiry,A05,Sales,Phone,Answered,37,225,48,45,1,Yes,1,2026-01-10 16:44:18,16,Saturday,10,Afternoon
C0332,2026-01-10,0 days 16:47:36,912000623,Complaint,A12,Support,Phone,Abandoned,173,,,,,,0,2026-01-10 16:47:36,16,Saturday,10,Afternoon
C0301,2026-01-10,0 days 17:01:44,912001013,Technical Problem,A05,Support,Phone,Transferred,181,355,74,64,3,Yes,0,2026-01-10 17:01:44,17,Saturday,10,Afternoon
C0306,2026-01-10,0 days 17:03:23,912001166,Technical Problem,A07,Support,Callback,Abandoned,219,,,,,,0,2026-01-10 17:03:23,17,Saturday,10,Afternoon
C0336,2026-01-10,0 days 17:05:07,912001219,Subscription Change,A02,Support,Phone,Answered,223,436,25,44,2,Yes,0,2026-01-10 17:05:07,17,Saturday,10,Afternoon
C0349,2026-01-10,0 days 17:20:35,912000756,Subscription Change,A11,Support,Phone,Answered,213,296,24,37,3,Yes,1,2026-01-10 17:20:35,17,Saturday,10,Afternoon
C0310,2026-01-10,0 days 17:20:38,912001371,Technical Problem,A07,Sales,Phone,Answered,95,384,5,66,2,Yes,0,2026-01-10 17:20:38,17,Saturday,10,Afternoon
C0314,2026-01-10,0 days 17:26:59,912001155,Technical Problem,A04,Billing,Callback,Answered,111,208,11,39,4,Yes,0,2026-01-10 17:26:59,17,Saturday,10,Afternoon
C0298,2026-01-10,0 days 17:35:33,912001146,Technical Problem,A05,Sales,Phone,Answered,98,168,35,60,5,Yes,0,2026-01-10 17:35:33,17,Saturday,10,Afternoon
C0328,2026-01-10,0 days 17:48:20,912001500,Subscription Change,A07,Billing,Phone,Answered,101,269,28,21,3,Yes,1,2026-01-10 17:48:20,17,Saturday,10,Afternoon
C0293,2026-01-10,0 days 17:58:39,912000081,Technical Problem,A05,Billing,Phone,Answered,100,184,13,31,4,Yes,0,2026-01-10 17:58:39,17,Saturday,10,Afternoon
C0311,2026-01-10,0 days 18:00:19,912000093,Technical Problem,A06,Billing,Phone,Answered,110,225,76,56,1,Yes,1,2026-01-10 18:00:19,18,Saturday,10,Afternoon
C0319,2026-01-10,0 days 18:14:12,912000629,Complaint,A12,Support,Phone,Abandoned,152,,,,,,0,2026-01-10 18:14:12,18,Saturday,10,Afternoon
C0333,2026-01-10,0 days 18:15:33,912000605,Refund Request,A01,Support,Callback,Answered,173,328,42,48,4,Yes,0,2026-01-10 18:15:33,18,Saturday,10,Afternoon
C0355,2026-01-10,0 days 18:20:12,912000039,Complaint,A06,Sales,Phone,Answered,56,180,40,27,4,Yes,0,2026-01-10 18:20:12,18,Saturday,10,Afternoon
C0354,2026-01-10,0 days 18:21:29,912000889,Billing Issue,A11,Billing,Phone,Abandoned,119,,,,,,0,2026-01-10 18:21:29,18,Saturday,10,Afternoon
C0326,2026-01-10,0 days 18:43:14,912000832,Product Inquiry,A07,Support,Phone,Transferred,190,419,22,57,5,No,0,2026-01-10 18:43:14,18,Saturday,10,Afternoon
C0320,2026-01-10,0 days 18:55:53,912000976,Complaint,A12,Billing,Phone,Abandoned,131,,,,,,0,2026-01-10 18:55:53,18,Saturday,10,Afternoon
C0309,2026-01-10,0 days 19:28:59,912000090,Technical Problem,A06,Support,Phone,Abandoned,198,,,,,,0,2026-01-10 19:28:59,19,Saturday,10,Afternoon
C0325,2026-01-10,0 days 19:35:17,912000154,Order Status,A07,Sales,Phone,Abandoned,119,,,,,,0,2026-01-10 19:35:17,19,Saturday,10,Afternoon
C0300,2026-01-10,0 days 19:48:40,912001185,Technical Problem,A03,Sales,Phone,Answered,77,221,76,70,5,No,2,2026-01-10 19:48:40,19,Saturday,10,Afternoon
C0381,2026-01-11,0 days 08:58:34,912001474,Account Access,A07,Support,Callback,Answered,171,479,39,71,3,Yes,0,2026-01-11 08:58:34,8,Sunday,11,Morning
C0383,2026-01-11,0 days 09:06:43,912000422,Technical Problem,A05,Support,Phone,Answered,74,286,16,23,4,Yes,1,2026-01-11 09:06:43,9,Sunday,11,Morning
C0362,2026-01-11,0 days 09:52:45,912000270,Billing Issue,A11,Billing,Phone,Answered,58,228,64,45,3,Yes,0,2026-01-11 09:52:45,9,Sunday,11,Morning
C0369,2026-01-11,0 days 10:24:53,912001275,Billing Issue,A03,Billing,Callback,Answered,50,161,14,61,4,No,0,2026-01-11 10:24:53,10,Sunday,11,Morning
C0363,2026-01-11,0 days 10:30:24,912000365,Product Inquiry,A12,Sales,Phone,Answered,83,285,48,54,5,Yes,0,2026-01-11 10:30:24,10,Sunday,11,Morning
C0366,2026-01-11,0 days 10:34:18,912000971,Technical Problem,A04,Support,Phone,Answered,129,425,43,47,5,No,0,2026-01-11 10:34:18,10,Sunday,11,Morning
C0387,2026-01-11,0 days 10:41:06,912000712,Billing Issue,A02,Billing,Phone,Answered,29,233,37,69,3,No,0,2026-01-11 10:41:06,10,Sunday,11,Morning
C0377,2026-01-11,0 days 10:50:44,912001215,Complaint,A09,Sales,Phone,Abandoned,31,,,,,,0,2026-01-11 10:50:44,10,Sunday,11,Morning
C0368,2026-01-11,0 days 11:01:15,912000650,Complaint,A11,Support,Phone,Answered,118,383,53,47,3,Yes,0,2026-01-11 11:01:15,11,Sunday,11,Morning
C0391,2026-01-11,0 days 11:24:57,912001380,Product Inquiry,A08,Sales,Phone,Answered,74,188,22,22,4,Yes,0,2026-01-11 11:24:57,11,Sunday,11,Morning
C0385,2026-01-11,0 days 11:29:42,912001045,Product Inquiry,A05,Billing,Phone,Answered,61,192,25,69,4,No,0,2026-01-11 11:29:42,11,Sunday,11,Morning
C0380,2026-01-11,0 days 11:43:45,912000023,Technical Problem,A09,Support,Phone,Transferred,71,353,62,44,4,No,0,2026-01-11 11:43:45,11,Sunday,11,Morning
C0386,2026-01-11,0 days 12:03:16,912000460,Account Access,A08,Billing,Phone,Answered,74,210,27,61,5,Yes,0,2026-01-11 12:03:16,12,Sunday,11,Morning
C0371,2026-01-11,0 days 12:11:27,912000518,Product Inquiry,A12,Support,Phone,Answered,152,385,74,56,3,No,0,2026-01-11 12:11:27,12,Sunday,11,Morning
C0370,2026-01-11,0 days 14:08:05,912000640,Order Status,A08,Sales,Callback,Answered,92,299,28,49,4,Yes,0,2026-01-11 14:08:05,14,Sunday,11,Afternoon
C0390,2026-01-11,0 days 14:40:41,912001258,Technical Problem,A06,Sales,Phone,Answered,39,214,30,31,5,No,0,2026-01-11 14:40:41,14,Sunday,11,Afternoon
C0374,2026-01-11,0 days 15:00:30,912000727,Subscription Change,A10,Support,Callback,Answered,191,354,26,22,3,Yes,0,2026-01-11 15:00:30,15,Sunday,11,Afternoon
C0392,2026-01-11,0 days 15:04:50,912000391,Technical Problem,A09,Support,Phone,Transferred,173,395,7,22,4,Yes,0,2026-01-11 15:04:50,15,Sunday,11,Afternoon
C0372,2026-01-11,0 days 16:07:37,912000751,Product Inquiry,A03,Support,Phone,Abandoned,171,,,,,,0,2026-01-11 16:07:37,16,Sunday,11,Afternoon
C0367,2026-01-11,0 days 16:39:32,912000303,Account Access,A05,Support,Phone,Answered,140,293,5,65,2,No,0,2026-01-11 16:39:32,16,Sunday,11,Afternoon
C0388,2026-01-11,0 days 16:59:02,912001190,Complaint,A12,Support,Phone,Answered,148,280,70,65,3,Yes,1,2026-01-11 16:59:02,16,Sunday,11,Afternoon
C0375,2026-01-11,0 days 17:16:03,912001399,Product Inquiry,A10,Support,Phone,Answered,142,468,8,38,1,Yes,0,2026-01-11 17:16:03,17,Sunday,11,Afternoon
C0376,2026-01-11,0 days 17:16:08,912001327,Technical Problem,A05,Support,Phone,Answered,84,434,27,57,3,Yes,1,2026-01-11 17:16:08,17,Sunday,11,Afternoon
C0379,2026-01-11,0 days 17:22:03,912000911,Order Status,A02,Support,Phone,Answered,129,382,65,39,5,No,0,2026-01-11 17:22:03,17,Sunday,11,Afternoon
C0365,2026-01-11,0 days 17:24:20,912000812,Complaint,A02,Support,Phone,Answered,87,507,79,68,2,Yes,0,2026-01-11 17:24:20,17,Sunday,11,Afternoon
C0373,2026-01-11,0 days 17:29:33,912001425,Subscription Change,A02,Sales,Callback,Answered,50,159,74,71,5,Yes,0,2026-01-11 17:29:33,17,Sunday,11,Afternoon
C0364,2026-01-11,0 days 17:45:36,912000843,Billing Issue,A10,Billing,Phone,Answered,56,182,44,45,5,Yes,0,2026-01-11 17:45:36,17,Sunday,11,Afternoon
C0382,2026-01-11,0 days 17:46:43,912001204,Complaint,A06,Support,Phone,Answered,93,360,75,20,1,No,0,2026-01-11 17:46:43,17,Sunday,11,Afternoon
C0361,2026-01-11,0 days 18:20:29,912000698,Technical Problem,A02,Support,Phone,Answered,129,496,26,38,2,Yes,1,2026-01-11 18:20:29,18,Sunday,11,Afternoon
C0389,2026-01-11,0 days 18:49:51,912000874,Refund Request,A01,Billing,Phone,Answered,81,175,77,54,4,Yes,1,2026-01-11 18:49:51,18,Sunday,11,Afternoon
C0378,2026-01-11,0 days 19:09:38,912000243,Billing Issue,A08,Billing,Phone,Answered,106,209,35,62,3,Yes,0,2026-01-11 19:09:38,19,Sunday,11,Afternoon
C0384,2026-01-11,0 days 19:40:07,912001272,Account Access,A10,Support,Phone,Answered,188,510,77,71,4,No,2,2026-01-11 19:40:07,19,Sunday,11,Afternoon
C0423,2026-01-12,0 days 08:20:22,912000968,Subscription Change,A03,Sales,Phone,Answered,27,243,68,69,4,No,0,2026-01-12 08:20:22,8,Monday,12,Morning
C0424,2026-01-12,0 days 08:47:34,912000732,Account Access,A12,Billing,Phone,Answered,91,233,23,71,4,No,0,2026-01-12 08:47:34,8,Monday,12,Morning
C0401,2026-01-12,0 days 11:12:07,912001218,Refund Request,A08,Billing,Phone,Answered,71,278,10,23,4,Yes,0,2026-01-12 11:12:07,11,Monday,12,Morning
C0410,2026-01-12,0 days 11:35:48,912000823,Technical Problem,A04,Sales,Phone,Answered,45,163,7,50,4,Yes,0,2026-01-12 11:35:48,11,Monday,12,Morning
C0400,2026-01-12,0 days 12:00:35,912000973,Account Access,A09,Sales,Phone,Transferred,49,232,74,52,5,No,0,2026-01-12 12:00:35,12,Monday,12,Morning
C0405,2026-01-12,0 days 12:02:44,912000372,Account Access,A02,Support,Phone,Transferred,128,387,26,68,3,No,0,2026-01-12 12:02:44,12,Monday,12,Morning
C0397,2026-01-12,0 days 12:07:17,912000526,Refund Request,A12,Sales,Phone,Answered,44,202,79,22,4,No,0,2026-01-12 12:07:17,12,Monday,12,Morning
C0402,2026-01-12,0 days 12:51:56,912000297,Technical Problem,A12,Billing,Phone,Answered,103,180,8,51,3,Yes,0,2026-01-12 12:51:56,12,Monday,12,Morning
C0396,2026-01-12,0 days 14:07:43,912000429,Product Inquiry,A04,Support,Phone,Abandoned,160,,,,,,0,2026-01-12 14:07:43,14,Monday,12,Afternoon
C0398,2026-01-12,0 days 14:10:01,912001348,Account Access,A01,Billing,Phone,Answered,31,250,80,38,5,No,0,2026-01-12 14:10:01,14,Monday,12,Afternoon
C0393,2026-01-12,0 days 14:13:51,912000424,Technical Problem,A11,Support,Phone,Transferred,138,318,79,34,2,Yes,1,2026-01-12 14:13:51,14,Monday,12,Afternoon
C0421,2026-01-12,0 days 14:18:49,912000098,Refund Request,A05,Billing,Phone,Answered,41,239,25,65,3,Yes,0,2026-01-12 14:18:49,14,Monday,12,Afternoon
C0407,2026-01-12,0 days 14:33:31,912001326,Complaint,A08,Billing,Phone,Abandoned,65,,,,,,0,2026-01-12 14:33:31,14,Monday,12,Afternoon
C0403,2026-01-12,0 days 14:37:20,912000301,Account Access,A06,Support,Phone,Answered,84,363,34,26,2,Yes,0,2026-01-12 14:37:20,14,Monday,12,Afternoon
C0419,2026-01-12,0 days 15:26:28,912001395,Order Status,A04,Support,Phone,Answered,189,493,71,61,4,Yes,0,2026-01-12 15:26:28,15,Monday,12,Afternoon
C0411,2026-01-12,0 days 15:37:01,912000175,Complaint,A03,Billing,Phone,Abandoned,86,,,,,,0,2026-01-12 15:37:01,15,Monday,12,Afternoon
C0414,2026-01-12,0 days 15:58:43,912000856,Complaint,A07,Support,Phone,Answered,160,499,27,61,5,Yes,0,2026-01-12 15:58:43,15,Monday,12,Afternoon
C0399,2026-01-12,0 days 16:13:09,912000936,Account Access,A07,Support,Phone,Answered,121,541,28,65,3,No,0,2026-01-12 16:13:09,16,Monday,12,Afternoon
C0394,2026-01-12,0 days 16:30:58,912000171,Billing Issue,A12,Billing,Phone,Answered,36,240,11,39,4,Yes,1,2026-01-12 16:30:58,16,Monday,12,Afternoon
C0413,2026-01-12,0 days 16:36:50,912000405,Product Inquiry,A10,Sales,Phone,Abandoned,68,,,,,,0,2026-01-12 16:36:50,16,Monday,12,Afternoon
C0417,2026-01-12,0 days 16:43:52,912000070,Technical Problem,A10,Support,Phone,Answered,188,487,13,32,2,Yes,1,2026-01-12 16:43:52,16,Monday,12,Afternoon
C0422,2026-01-12,0 days 16:57:42,912000896,Complaint,A02,Billing,Phone,Answered,60,233,21,48,4,Yes,0,2026-01-12 16:57:42,16,Monday,12,Afternoon
C0395,2026-01-12,0 days 17:04:52,912000177,Complaint,A10,Billing,Phone,Answered,60,262,30,47,5,No,0,2026-01-12 17:04:52,17,Monday,12,Afternoon
C0412,2026-01-12,0 days 17:23:40,912000850,Technical Problem,A11,Support,Phone,Answered,158,365,72,22,4,Yes,0,2026-01-12 17:23:40,17,Monday,12,Afternoon
C0420,2026-01-12,0 days 17:31:37,912000307,Order Status,A09,Support,Phone,Answered,108,425,21,70,2,No,0,2026-01-12 17:31:37,17,Monday,12,Afternoon
C0409,2026-01-12,0 days 17:32:02,912000260,Technical Problem,A12,Support,Phone,Abandoned,152,,,,,,0,2026-01-12 17:32:02,17,Monday,12,Afternoon
C0406,2026-01-12,0 days 17:40:39,912000145,Billing Issue,A09,Billing,Phone,Abandoned,31,,,,,,0,2026-01-12 17:40:39,17,Monday,12,Afternoon
C0408,2026-01-12,0 days 17:47:55,912000807,Refund Request,A10,Sales,Phone,Answered,97,178,78,20,5,Yes,0,2026-01-12 17:47:55,17,Monday,12,Afternoon
C0416,2026-01-12,0 days 17:48:14,912000036,Account Access,A09,Support,Callback,Answered,78,375,49,48,2,Yes,0,2026-01-12 17:48:14,17,Monday,12,Afternoon
C0404,2026-01-12,0 days 18:04:30,912000745,Technical Problem,A07,Support,Phone,Answered,172,454,52,28,4,Yes,0,2026-01-12 18:04:30,18,Monday,12,Afternoon
C0418,2026-01-12,0 days 18:18:04,912000383,Product Inquiry,A12,Sales,Phone,Answered,35,273,7,38,5,Yes,0,2026-01-12 18:18:04,18,Monday,12,Afternoon
C0415,2026-01-12,0 days 19:15:34,912000909,Account Access,A10,Sales,Phone,Abandoned,70,,,,,,0,2026-01-12 19:15:34,19,Monday,12,Afternoon
C0456,2026-01-13,0 days 08:53:23,912001193,Technical Problem,A01,Support,Phone,Abandoned,150,,,,,,0,2026-01-13 08:53:23,8,Tuesday,13,Morning
C0448,2026-01-13,0 days 09:09:25,912001120,Technical Problem,A02,Support,Phone,Abandoned,91,,,,,,0,2026-01-13 09:09:25,9,Tuesday,13,Morning
C0449,2026-01-13,0 days 09:12:21,912000699,Subscription Change,A07,Sales,Callback,Answered,86,382,79,57,5,No,0,2026-01-13 09:12:21,9,Tuesday,13,Morning
C0444,2026-01-13,0 days 09:13:58,912000116,Technical Problem,A06,Support,Phone,Abandoned,93,,,,,,0,2026-01-13 09:13:58,9,Tuesday,13,Morning
C0433,2026-01-13,0 days 09:17:31,912001028,Refund Request,A12,Billing,Phone,Answered,109,215,38,60,5,No,0,2026-01-13 09:17:31,9,Tuesday,13,Morning
C0437,2026-01-13,0 days 09:37:22,912001055,Technical Problem,A09,Billing,Phone,Answered,82,212,48,30,3,Yes,0,2026-01-13 09:37:22,9,Tuesday,13,Morning
C0441,2026-01-13,0 days 09:50:42,912001489,Complaint,A02,Support,Phone,Transferred,75,296,43,62,2,Yes,0,2026-01-13 09:50:42,9,Tuesday,13,Morning
C0426,2026-01-13,0 days 10:33:14,912000933,Billing Issue,A04,Billing,Phone,Answered,112,246,16,52,4,Yes,0,2026-01-13 10:33:14,10,Tuesday,13,Morning
C0440,2026-01-13,0 days 10:54:44,912000061,Billing Issue,A03,Sales,Phone,Answered,38,168,14,21,2,No,2,2026-01-13 10:54:44,10,Tuesday,13,Morning
C0438,2026-01-13,0 days 10:57:35,912001229,Order Status,A09,Support,Callback,Answered,159,473,19,46,4,Yes,0,2026-01-13 10:57:35,10,Tuesday,13,Morning
C0431,2026-01-13,0 days 11:31:02,912001203,Product Inquiry,A10,Billing,Phone,Answered,96,163,5,29,5,No,0,2026-01-13 11:31:02,11,Tuesday,13,Morning
C0447,2026-01-13,0 days 11:54:27,912000830,Subscription Change,A08,Sales,Phone,Transferred,48,143,67,63,5,Yes,0,2026-01-13 11:54:27,11,Tuesday,13,Morning
C0445,2026-01-13,0 days 14:06:11,912001307,Order Status,A07,Billing,Callback,Answered,72,294,20,49,5,Yes,0,2026-01-13 14:06:11,14,Tuesday,13,Afternoon
C0434,2026-01-13,0 days 14:46:36,912000150,Complaint,A10,Sales,Phone,Answered,54,174,50,30,4,Yes,0,2026-01-13 14:46:36,14,Tuesday,13,Afternoon
C0454,2026-01-13,0 days 14:48:07,912001252,Technical Problem,A09,Support,Phone,Abandoned,143,,,,,,0,2026-01-13 14:48:07,14,Tuesday,13,Afternoon
C0427,2026-01-13,0 days 15:03:58,912000242,Subscription Change,A12,Support,Phone,Transferred,139,375,6,38,3,Yes,0,2026-01-13 15:03:58,15,Tuesday,13,Afternoon
C0428,2026-01-13,0 days 15:13:46,912001090,Account Access,A07,Billing,Phone,Abandoned,71,,,,,,0,2026-01-13 15:13:46,15,Tuesday,13,Afternoon
C0452,2026-01-13,0 days 15:31:50,+98912001460,Technical Problem,A08,Support,Phone,Answered,130,367,74,54,5,No,0,2026-01-13 15:31:50,15,Tuesday,13,Afternoon
C0455,2026-01-13,0 days 15:35:54,912001129,Order Status,A05,Sales,Phone,Answered,34,297,50,69,1,Yes,2,2026-01-13 15:35:54,15,Tuesday,13,Afternoon
C0450,2026-01-13,0 days 15:38:25,912000160,Complaint,A03,Billing,Phone,Answered,46,192,67,51,1,No,1,2026-01-13 15:38:25,15,Tuesday,13,Afternoon
C0432,2026-01-13,0 days 15:41:42,912000362,Billing Issue,A08,Billing,Phone,Abandoned,61,,,,,,0,2026-01-13 15:41:42,15,Tuesday,13,Afternoon
C0430,2026-01-13,0 days 16:24:05,912000579,Order Status,A05,Sales,Phone,Answered,45,258,77,68,5,Yes,1,2026-01-13 16:24:05,16,Tuesday,13,Afternoon
C0443,2026-01-13,0 days 16:32:36,912001423,Order Status,A01,Sales,Callback,Answered,55,189,41,30,5,Yes,1,2026-01-13 16:32:36,16,Tuesday,13,Afternoon
C0446,2026-01-13,0 days 16:35:46,912000209,Product Inquiry,A02,Sales,Phone,Answered,39,293,44,63,4,Yes,2,2026-01-13 16:35:46,16,Tuesday,13,Afternoon
C0442,2026-01-13,0 days 16:37:57,912000059,Product Inquiry,A01,Sales,Phone,Answered,64,211,79,42,5,No,0,2026-01-13 16:37:57,16,Tuesday,13,Afternoon
C0425,2026-01-13,0 days 16:46:30,912000234,Account Access,A09,Billing,Phone,Answered,23,211,33,48,4,Yes,0,2026-01-13 16:46:30,16,Tuesday,13,Afternoon
C0451,2026-01-13,0 days 17:53:04,"912001101, +98912021101",Technical Problem,A03,Support,Phone,Answered,176,319,43,59,4,No,2,2026-01-13 17:53:04,17,Tuesday,13,Afternoon
C0429,2026-01-13,0 days 17:57:27,912000428,Order Status,A10,Support,Phone,Answered,104,357,65,75,5,Yes,0,2026-01-13 17:57:27,17,Tuesday,13,Afternoon
C0453,2026-01-13,0 days 18:07:24,912001079,Account Access,A08,Support,Callback,Answered,89,422,43,65,4,Yes,0,2026-01-13 18:07:24,18,Tuesday,13,Afternoon
C0439,2026-01-13,0 days 18:30:22,912000332,Account Access,A08,Support,Phone,Transferred,172,475,48,31,4,Yes,0,2026-01-13 18:30:22,18,Tuesday,13,Afternoon
C0436,2026-01-13,0 days 18:52:54,912001283,Account Access,A11,Support,Phone,Abandoned,116,,,,,,0,2026-01-13 18:52:54,18,Tuesday,13,Afternoon
C0435,2026-01-13,0 days 19:03:18,912000367,Order Status,A02,Sales,Phone,Answered,59,300,28,68,4,Yes,0,2026-01-13 19:03:18,19,Tuesday,13,Afternoon
C0483,2026-01-14,0 days 08:08:55,912000337,Refund Request,A11,Support,Phone,Answered,119,461,59,67,3,Yes,0,2026-01-14 08:08:55,8,Wednesday,14,Morning
C0467,2026-01-14,0 days 08:50:51,912001334,Order Status,A11,Sales,Phone,Abandoned,56,,,,,,0,2026-01-14 08:50:51,8,Wednesday,14,Morning
C0484,2026-01-14,0 days 08:59:15,912001017,Order Status,A10,Support,Phone,Transferred,201,461,10,20,3,Yes,0,2026-01-14 08:59:15,8,Wednesday,14,Morning
C0477,2026-01-14,0 days 09:15:33,912001369,Order Status,A11,Support,Phone,Abandoned,178,,,,,,0,2026-01-14 09:15:33,9,Wednesday,14,Morning
C0462,2026-01-14,0 days 09:51:33,912000841,Complaint,A02,Support,Phone,Answered,108,409,43,47,3,Yes,0,2026-01-14 09:51:33,9,Wednesday,14,Morning
C0461,2026-01-14,0 days 09:54:34,912000893,Account Access,A05,Sales,Phone,Transferred,35,197,16,65,4,Yes,1,2026-01-14 09:54:34,9,Wednesday,14,Morning
C0486,2026-01-14,0 days 10:07:20,912000264,Product Inquiry,A05,Sales,Phone,Answered,69,250,41,36,3,No,0,2026-01-14 10:07:20,10,Wednesday,14,Morning
C0466,2026-01-14,0 days 11:09:12,912000931,Product Inquiry,A05,Sales,Phone,Answered,45,251,59,61,3,Yes,1,2026-01-14 11:09:12,11,Wednesday,14,Morning
C0463,2026-01-14,0 days 11:32:29,912001086,Billing Issue,A01,Support,Phone,Answered,136,500,28,56,4,Yes,0,2026-01-14 11:32:29,11,Wednesday,14,Morning
C0482,2026-01-14,0 days 11:43:12,912001064,Product Inquiry,A03,Support,Phone,Answered,120,438,62,35,3,No,1,2026-01-14 11:43:12,11,Wednesday,14,Morning
C0457,2026-01-14,0 days 12:06:27,912000627,Billing Issue,A06,Support,Phone,Answered,101,343,35,61,4,Yes,0,2026-01-14 12:06:27,12,Wednesday,14,Morning
C0487,2026-01-14,0 days 12:57:10,912000533,Account Access,A03,Support,Callback,Answered,184,484,61,23,2,Yes,1,2026-01-14 12:57:10,12,Wednesday,14,Morning
C0476,2026-01-14,0 days 14:01:48,912000906,Account Access,A11,Sales,Phone,Answered,51,174,5,45,4,Yes,0,2026-01-14 14:01:48,14,Wednesday,14,Afternoon
C0485,2026-01-14,0 days 14:23:08,912000423,Billing Issue,A10,Billing,Phone,Answered,67,223,48,49,4,Yes,0,2026-01-14 14:23:08,14,Wednesday,14,Afternoon
C0479,2026-01-14,0 days 14:24:53,912001211,Billing Issue,A01,Billing,Phone,Transferred,49,276,16,49,3,Yes,0,2026-01-14 14:24:53,14,Wednesday,14,Afternoon
C0480,2026-01-14,0 days 14:27:38,912000989,Account Access,A06,Sales,Phone,Answered,46,170,6,65,5,No,0,2026-01-14 14:27:38,14,Wednesday,14,Afternoon
C0473,2026-01-14,0 days 14:51:43,912000388,Product Inquiry,A08,Sales,Callback,Answered,90,205,43,25,3,Yes,1,2026-01-14 14:51:43,14,Wednesday,14,Afternoon
C0468,2026-01-14,0 days 15:01:03,912000682,Subscription Change,A10,Billing,Phone,Answered,51,274,51,62,5,Yes,0,2026-01-14 15:01:03,15,Wednesday,14,Afternoon
C0488,2026-01-14,0 days 15:10:45,912001431,Billing Issue,A08,Support,Phone,Answered,147,423,67,49,4,No,0,2026-01-14 15:10:45,15,Wednesday,14,Afternoon
C0460,2026-01-14,0 days 16:13:21,912000358,Account Access,A11,Support,Callback,Answered,148,356,51,47,5,Yes,0,2026-01-14 16:13:21,16,Wednesday,14,Afternoon
C0459,2026-01-14,0 days 16:20:24,912001159,Technical Problem,A02,Support,Phone,Abandoned,82,,,,,,0,2026-01-14 16:20:24,16,Wednesday,14,Afternoon
C0478,2026-01-14,0 days 16:26:50,912001062,Billing Issue,A12,Billing,Phone,Answered,73,235,46,71,4,Yes,0,2026-01-14 16:26:50,16,Wednesday,14,Afternoon
C0472,2026-01-14,0 days 16:52:19,912000935,Product Inquiry,A10,Sales,Callback,Answered,88,153,35,36,5,Yes,0,2026-01-14 16:52:19,16,Wednesday,14,Afternoon
C0469,2026-01-14,0 days 17:08:15,912000838,Order Status,A02,Sales,Phone,Answered,63,288,72,36,4,Yes,0,2026-01-14 17:08:15,17,Wednesday,14,Afternoon
C0470,2026-01-14,0 days 17:20:21,912000801,Refund Request,A12,Billing,Phone,Answered,90,178,18,31,4,Yes,0,2026-01-14 17:20:21,17,Wednesday,14,Afternoon
C0481,2026-01-14,0 days 17:31:07,912000652,Product Inquiry,A05,Sales,Phone,Answered,41,237,21,47,5,Yes,1,2026-01-14 17:31:07,17,Wednesday,14,Afternoon
C0471,2026-01-14,0 days 18:03:31,912000321,Technical Problem,A02,Support,Phone,Answered,124,401,36,37,3,No,1,2026-01-14 18:03:31,18,Wednesday,14,Afternoon
C0458,2026-01-14,0 days 18:07:21,912000063,Order Status,A01,Sales,Phone,Answered,65,248,77,52,5,Yes,1,2026-01-14 18:07:21,18,Wednesday,14,Afternoon
C0474,2026-01-14,0 days 18:10:58,912000910,Order Status,A11,Support,Phone,Answered,74,350,15,72,4,Yes,1,2026-01-14 18:10:58,18,Wednesday,14,Afternoon
C0464,2026-01-14,0 days 18:17:59,912000068,Technical Problem,A07,Support,Callback,Transferred,193,441,30,43,4,Yes,0,2026-01-14 18:17:59,18,Wednesday,14,Afternoon
C0475,2026-01-14,0 days 18:21:45,912000520,Complaint,A02,Support,Callback,Answered,134,296,50,46,4,No,0,2026-01-14 18:21:45,18,Wednesday,14,Afternoon
C0465,2026-01-14,0 days 18:26:20,912000897,Account Access,A11,Billing,Callback,Answered,72,194,41,61,3,Yes,0,2026-01-14 18:26:20,18,Wednesday,14,Afternoon
C0489,2026-01-15,0 days 09:05:13,912001070,Account Access,A03,Billing,Phone,Answered,82,274,79,33,4,No,1,2026-01-15 09:05:13,9,Thursday,15,Morning
C0513,2026-01-15,0 days 09:06:50,912000342,Billing Issue,A02,Support,Phone,Abandoned,75,,,,,,0,2026-01-15 09:06:50,9,Thursday,15,Morning
C0511,2026-01-15,0 days 09:27:07,912000887,Complaint,A04,Support,Phone,Answered,148,370,10,69,2,Yes,1,2026-01-15 09:27:07,9,Thursday,15,Morning
C0494,2026-01-15,0 days 11:48:41,912000046,Product Inquiry,A07,Sales,Phone,Answered,87,390,50,62,4,Yes,0,2026-01-15 11:48:41,11,Thursday,15,Morning
C0502,2026-01-15,0 days 11:52:39,912000340,Complaint,A12,Support,Phone,Answered,191,302,21,28,1,Yes,0,2026-01-15 11:52:39,11,Thursday,15,Morning
C0493,2026-01-15,0 days 12:03:47,912001314,Technical Problem,A07,Sales,Callback,Answered,41,332,16,21,5,Yes,1,2026-01-15 12:03:47,12,Thursday,15,Morning
C0515,2026-01-15,0 days 12:08:07,912001024,Billing Issue,A07,Billing,Phone,Answered,37,406,48,38,4,Yes,0,2026-01-15 12:08:07,12,Thursday,15,Morning
C0499,2026-01-15,0 days 12:37:05,912000735,Order Status,A12,Billing,Phone,Answered,77,183,55,22,3,No,0,2026-01-15 12:37:05,12,Thursday,15,Morning
C0504,2026-01-15,0 days 14:07:10,912001179,Account Access,A08,Billing,Phone,Transferred,90,270,62,57,5,Yes,0,2026-01-15 14:07:10,14,Thursday,15,Afternoon
C0495,2026-01-15,0 days 14:17:36,912001315,Technical Problem,A07,Support,Phone,Abandoned,163,,,,,,0,2026-01-15 14:17:36,14,Thursday,15,Afternoon
C0492,2026-01-15,0 days 14:17:38,912000619,Account Access,A01,Support,Phone,Answered,127,363,77,28,4,Yes,0,2026-01-15 14:17:38,14,Thursday,15,Afternoon
C0505,2026-01-15,0 days 14:21:00,912000738,Account Access,A07,Sales,Callback,Transferred,89,444,75,38,4,Yes,0,2026-01-15 14:21:00,14,Thursday,15,Afternoon
C0496,2026-01-15,0 days 14:27:05,912000019,Product Inquiry,A08,Sales,Phone,Answered,82,179,68,53,3,Yes,0,2026-01-15 14:27:05,14,Thursday,15,Afternoon
C0516,2026-01-15,0 days 14:42:15,912000523,Refund Request,A07,Sales,Phone,Answered,53,381,57,49,5,Yes,2,2026-01-15 14:42:15,14,Thursday,15,Afternoon
C0497,2026-01-15,0 days 14:58:51,912001043,Account Access,A03,Support,Phone,Abandoned,125,,,,,,0,2026-01-15 14:58:51,14,Thursday,15,Afternoon
C0514,2026-01-15,0 days 15:10:40,912000568,Complaint,A06,Sales,Phone,Answered,28,253,69,51,4,Yes,1,2026-01-15 15:10:40,15,Thursday,15,Afternoon
C0498,2026-01-15,0 days 15:18:36,912000587,Product Inquiry,A01,Sales,Phone,Answered,42,248,57,26,5,Yes,0,2026-01-15 15:18:36,15,Thursday,15,Afternoon
C0490,2026-01-15,0 days 15:26:58,912000060,Subscription Change,A11,Sales,Phone,Answered,31,146,41,63,4,Yes,2,2026-01-15 15:26:58,15,Thursday,15,Afternoon
C0507,2026-01-15,0 days 15:31:39,912000169,Account Access,A12,Billing,Phone,Answered,59,252,29,50,3,Yes,0,2026-01-15 15:31:39,15,Thursday,15,Afternoon
C0501,2026-01-15,0 days 16:27:34,912000484,Refund Request,A01,Sales,Phone,Answered,40,257,56,75,5,Yes,0,2026-01-15 16:27:34,16,Thursday,15,Afternoon
C0500,2026-01-15,0 days 16:29:48,+98912000206,Subscription Change,A05,Support,Phone,Answered,173,327,32,31,2,No,0,2026-01-15 16:29:48,16,Thursday,15,Afternoon
C0500,2026-01-15,0 days 16:29:48,912000206,Subscription Change,A05,Support,Phone,Answered,173,327,32,31,2,No,0,2026-01-15 16:29:48,16,Thursday,15,Afternoon
C0512,2026-01-15,0 days 16:32:38,912000329,Technical Problem,A08,Support,Phone,Abandoned,211,,,,,,0,2026-01-15 16:32:38,16,Thursday,15,Afternoon
C0520,2026-01-15,0 days 16:39:41,912000186,Technical Problem,A11,Support,Phone,Answered,95,505,43,25,4,Yes,0,2026-01-15 16:39:41,16,Thursday,15,Afternoon
C0518,2026-01-15,0 days 17:42:59,912001347,Account Access,A01,Support,Callback,Transferred,161,484,71,38,4,No,0,2026-01-15 17:42:59,17,Thursday,15,Afternoon
C0509,2026-01-15,0 days 17:51:54,912001022,Subscription Change,A12,Sales,Phone,Answered,77,173,27,32,5,Yes,0,2026-01-15 17:51:54,17,Thursday,15,Afternoon
C0491,2026-01-15,0 days 18:06:53,912000166,Complaint,A08,Support,Phone,Abandoned,179,25,,,,,0,2026-01-15 18:06:53,18,Thursday,15,Afternoon
C0508,2026-01-15,0 days 18:21:58,912000718,Order Status,A11,Support,Callback,Answered,107,465,54,46,4,Yes,1,2026-01-15 18:21:58,18,Thursday,15,Afternoon
C0519,2026-01-15,0 days 18:46:47,912000879,Technical Problem,A05,Support,Phone,Transferred,148,515,23,64,5,Yes,0,2026-01-15 18:46:47,18,Thursday,15,Afternoon
C0506,2026-01-15,0 days 18:57:52,912001097,Billing Issue,A01,Billing,Phone,Answered,74,233,45,55,4,No,0,2026-01-15 18:57:52,18,Thursday,15,Afternoon
C0517,2026-01-15,0 days 19:28:09,912000529,Refund Request,A09,Billing,Phone,Transferred,30,203,45,45,2,Yes,2,2026-01-15 19:28:09,19,Thursday,15,Afternoon
C0510,2026-01-15,0 days 19:31:19,912000793,Subscription Change,A01,Sales,Phone,Answered,26,231,25,31,2,No,1,2026-01-15 19:31:19,19,Thursday,15,Afternoon
C0503,2026-01-15,0 days 19:54:01,912000148,Order Status,A11,Sales,Phone,Answered,63,300,73,32,3,No,0,2026-01-15 19:54:01,19,Thursday,15,Afternoon
C0537,2026-01-16,0 days 08:03:19,912001383,Complaint,A07,Support,Phone,Transferred,125,586,11,32,2,Yes,0,2026-01-16 08:03:19,8,Friday,16,Morning
C0529,2026-01-16,0 days 08:09:09,912001475,Technical Problem,A05,Billing,Phone,Abandoned,47,,,,,,0,2026-01-16 08:09:09,8,Friday,16,Morning
C0533,2026-01-16,0 days 08:40:50,912000443,Billing Issue,A11,Billing,Phone,Answered,30,184,74,56,4,No,1,2026-01-16 08:40:50,8,Friday,16,Morning
C0551,2026-01-16,0 days 08:46:14,912000273,Product Inquiry,A09,Sales,Callback,Answered,10,240,29,41,1,Yes,0,2026-01-16 08:46:14,8,Friday,16,Morning
C0536,2026-01-16,0 days 09:06:34,912000449,Order Status,A05,Sales,Phone,Answered,19,218,57,63,4,Yes,0,2026-01-16 09:06:34,9,Friday,16,Morning
C0535,2026-01-16,0 days 09:34:38,912001039,Technical Problem,A08,Support,Phone,Transferred,92,391,28,46,3,Yes,0,2026-01-16 09:34:38,9,Friday,16,Morning
C0543,2026-01-16,0 days 10:38:21,912000128,Account Access,A11,Sales,Phone,Transferred,48,261,5,20,5,Yes,0,2026-01-16 10:38:21,10,Friday,16,Morning
C0530,2026-01-16,0 days 10:47:31,912001424,Technical Problem,A02,Sales,Phone,Abandoned,36,,,,,,0,2026-01-16 10:47:31,10,Friday,16,Morning
C0541,2026-01-16,0 days 11:43:24,912000595,Account Access,A04,Billing,Callback,Answered,104,165,25,67,2,Yes,0,2026-01-16 11:43:24,11,Friday,16,Morning
C0532,2026-01-16,0 days 12:51:39,912000749,Refund Request,A04,Support,Phone,Transferred,140,291,61,67,2,Yes,0,2026-01-16 12:51:39,12,Friday,16,Morning
C0540,2026-01-16,0 days 14:58:35,912000413,Complaint,A08,Support,Phone,Transferred,168,447,26,20,2,No,0,2026-01-16 14:58:35,14,Friday,16,Afternoon
C0538,2026-01-16,0 days 15:07:17,912000513,Product Inquiry,A07,Sales,Phone,Answered,34,281,39,55,3,Yes,2,2026-01-16 15:07:17,15,Friday,16,Afternoon
C0522,2026-01-16,0 days 15:16:15,912001005,Order Status,A07,Billing,Phone,Transferred,67,294,38,60,5,Yes,0,2026-01-16 15:16:15,15,Friday,16,Afternoon
C0531,2026-01-16,0 days 15:19:36,912000257,Technical Problem,A07,Support,Phone,Answered,191,410,69,60,3,Yes,0,2026-01-16 15:19:36,15,Friday,16,Afternoon
C0548,2026-01-16,0 days 15:43:38,912000581,Account Access,A03,Support,Phone,Abandoned,104,,,,,,0,2026-01-16 15:43:38,15,Friday,16,Afternoon
C0545,2026-01-16,0 days 16:24:11,912000922,Billing Issue,A01,Billing,Callback,Answered,67,279,29,48,5,Yes,0,2026-01-16 16:24:11,16,Friday,16,Afternoon
C0547,2026-01-16,0 days 16:38:13,912000829,Order Status,A11,Sales,Callback,Answered,65,211,77,52,5,Yes,0,2026-01-16 16:38:13,16,Friday,16,Afternoon
C0546,2026-01-16,0 days 16:45:22,912000315,Order Status,A11,Sales,Callback,Answered,55,196,34,51,4,Yes,2,2026-01-16 16:45:22,16,Friday,16,Afternoon
C0544,2026-01-16,0 days 16:48:25,912001374,Account Access,A11,Support,Phone,Answered,138,287,61,63,3,No,0,2026-01-16 16:48:25,16,Friday,16,Afternoon
C0542,2026-01-16,0 days 16:53:08,912000480,Refund Request,A07,Support,Callback,Answered,169,484,38,68,5,Yes,0,2026-01-16 16:53:08,16,Friday,16,Afternoon
C0521,2026-01-16,0 days 17:08:33,912000802,Product Inquiry,A02,Billing,Phone,Answered,59,226,48,68,5,Yes,0,2026-01-16 17:08:33,17,Friday,16,Afternoon
C0539,2026-01-16,0 days 17:19:36,912000888,Account Access,A11,Support,Phone,Answered,170,316,52,54,3,No,2,2026-01-16 17:19:36,17,Friday,16,Afternoon
C0525,2026-01-16,0 days 17:23:29,912001261,Account Access,A07,Sales,Phone,Answered,36,313,32,48,4,Yes,0,2026-01-16 17:23:29,17,Friday,16,Afternoon
C0534,2026-01-16,0 days 17:32:57,912000041,Order Status,A09,Sales,Phone,Answered,11,210,31,35,4,No,1,2026-01-16 17:32:57,17,Friday,16,Afternoon
C0552,2026-01-16,0 days 17:44:27,912000597,Account Access,A04,Billing,Callback,Answered,71,240,17,21,4,No,0,2026-01-16 17:44:27,17,Friday,16,Afternoon
C0526,2026-01-16,0 days 17:55:16,912001140,Refund Request,A08,Support,Phone,Abandoned,165,,,,,,0,2026-01-16 17:55:16,17,Friday,16,Afternoon
C0524,2026-01-16,0 days 18:14:22,912000180,Account Access,A12,Sales,Phone,Answered,50,236,71,67,4,Yes,0,2026-01-16 18:14:22,18,Friday,16,Afternoon
C0550,2026-01-16,0 days 18:41:43,912001273,Product Inquiry,A06,Billing,Phone,Answered,72,195,20,63,4,Yes,0,2026-01-16 18:41:43,18,Friday,16,Afternoon
C0549,2026-01-16,0 days 18:54:14,912001109,Order Status,A05,Billing,Phone,Answered,22,248,73,59,4,Yes,0,2026-01-16 18:54:14,18,Friday,16,Afternoon
C0528,2026-01-16,0 days 19:23:58,912001353,Technical Problem,A07,Billing,Phone,Answered,95,282,71,29,5,Yes,0,2026-01-16 19:23:58,19,Friday,16,Afternoon
C0523,2026-01-16,0 days 19:28:19,912000600,Complaint,A06,Support,Phone,Transferred,173,470,79,56,4,No,0,2026-01-16 19:28:19,19,Friday,16,Afternoon
C0527,2026-01-16,0 days 19:52:10,912000022,Account Access,A12,Sales,Phone,Answered,81,275,20,64,5,Yes,0,2026-01-16 19:52:10,19,Friday,16,Afternoon
C0558,2026-01-17,0 days 08:08:19,912000240,Technical Problem,A11,Support,Phone,Abandoned,109,,,,,,0,2026-01-17 08:08:19,8,Saturday,17,Morning
C0578,2026-01-17,0 days 08:50:02,912000808,Account Access,A06,Billing,Phone,Answered,70,208,31,45,4,Yes,0,2026-01-17 08:50:02,8,Saturday,17,Morning
C0573,2026-01-17,0 days 09:23:02,912000178,Product Inquiry,A11,Support,Phone,Answered,108,470,40,32,5,No,0,2026-01-17 09:23:02,9,Saturday,17,Morning
C0581,2026-01-17,0 days 09:26:30,912001486,Account Access,A04,Support,Phone,Answered,115,390,65,30,3,No,0,2026-01-17 09:26:30,9,Saturday,17,Morning
C0568,2026-01-17,0 days 09:32:37,912001174,Technical Problem,A02,Billing,Phone,Answered,28,181,70,44,4,Yes,1,2026-01-17 09:32:37,9,Saturday,17,Morning
C0557,2026-01-17,0 days 09:50:53,912000663,Account Access,A11,Sales,Phone,Answered,32,247,66,66,3,Yes,0,2026-01-17 09:50:53,9,Saturday,17,Morning
C0572,2026-01-17,0 days 10:14:16,912000566,Technical Problem,A02,Support,Phone,Answered,134,411,74,61,2,Yes,0,2026-01-17 10:14:16,10,Saturday,17,Morning
C0584,2026-01-17,0 days 10:39:46,912000305,Billing Issue,A11,Support,Phone,Answered,142,304,55,64,4,Yes,2,2026-01-17 10:39:46,10,Saturday,17,Morning
C0570,2026-01-17,0 days 10:57:12,912000575,Technical Problem,A04,Support,Phone,Answered,146,320,52,36,2,Yes,0,2026-01-17 10:57:12,10,Saturday,17,Morning
C0580,2026-01-17,0 days 11:14:18,912000102,Complaint,A01,Support,Phone,Answered,71,323,46,75,5,Yes,1,2026-01-17 11:14:18,11,Saturday,17,Morning
C0576,2026-01-17,0 days 12:05:20,912000945,Order Status,A12,Billing,Phone,Answered,100,269,76,21,2,Yes,0,2026-01-17 12:05:20,12,Saturday,17,Morning
C0579,2026-01-17,0 days 12:28:40,912001406,Refund Request,A02,Billing,Phone,Answered,42,164,67,21,5,Yes,0,2026-01-17 12:28:40,12,Saturday,17,Morning
C0554,2026-01-17,0 days 14:06:40,912000764,Technical Problem,A01,Support,Phone,Transferred,118,360,13,70,3,No,0,2026-01-17 14:06:40,14,Saturday,17,Afternoon
C0571,2026-01-17,0 days 14:22:14,912000077,Technical Problem,A10,Support,Phone,Answered,151,390,57,43,3,Yes,1,2026-01-17 14:22:14,14,Saturday,17,Afternoon
C0567,2026-01-17,0 days 14:40:15,912000586,Billing Issue,A10,Billing,Phone,Answered,107,261,24,40,3,Yes,0,2026-01-17 14:40:15,14,Saturday,17,Afternoon
C0583,2026-01-17,0 days 15:02:47,912000440,Order Status,A08,Sales,Phone,Answered,95,216,55,59,4,No,1,2026-01-17 15:02:47,15,Saturday,17,Afternoon
C0569,2026-01-17,0 days 15:29:11,912000003,Product Inquiry,A12,Support,Phone,Answered,158,348,79,45,4,No,0,2026-01-17 15:29:11,15,Saturday,17,Afternoon
C0582,2026-01-17,0 days 15:43:29,912000313,Product Inquiry,A03,Sales,Phone,Answered,84,294,36,53,4,No,1,2026-01-17 15:43:29,15,Saturday,17,Afternoon
C0553,2026-01-17,0 days 16:21:53,912000979,Order Status,A04,Sales,Phone,Transferred,74,225,71,70,4,Yes,0,2026-01-17 16:21:53,16,Saturday,17,Afternoon
C0561,2026-01-17,0 days 16:21:54,912000988,Account Access,A10,Support,Callback,Answered,127,306,63,70,5,Yes,1,2026-01-17 16:21:54,16,Saturday,17,Afternoon
C0559,2026-01-17,0 days 16:34:49,912000073,Order Status,A10,Sales,Phone,Answered,43,272,80,62,4,Yes,0,2026-01-17 16:34:49,16,Saturday,17,Afternoon
C0562,2026-01-17,0 days 16:44:14,912000296,Technical Problem,A08,Support,Phone,Abandoned,194,,,,,,0,2026-01-17 16:44:14,16,Saturday,17,Afternoon
C0575,2026-01-17,0 days 16:48:09,912000161,Complaint,A12,Billing,Phone,Answered,97,226,80,70,5,Yes,0,2026-01-17 16:48:09,16,Saturday,17,Afternoon
C0564,2026-01-17,0 days 16:48:23,912000034,Technical Problem,A04,Sales,Phone,Answered,42,184,48,74,1,Yes,0,2026-01-17 16:48:23,16,Saturday,17,Afternoon
C0563,2026-01-17,0 days 17:24:13,912000238,Account Access,A01,Support,Callback,Answered,79,371,8,55,2,Yes,0,2026-01-17 17:24:13,17,Saturday,17,Afternoon
C0556,2026-01-17,0 days 17:39:00,912000203,Order Status,A07,Support,Phone,Transferred,162,449,63,53,2,Yes,0,2026-01-17 17:39:00,17,Saturday,17,Afternoon
C0574,2026-01-17,0 days 17:47:34,912001184,Billing Issue,A05,Billing,Phone,Answered,64,260,56,45,1,Yes,1,2026-01-17 17:47:34,17,Saturday,17,Afternoon
C0560,2026-01-17,0 days 17:54:03,912000902,Technical Problem,A04,Support,Phone,Answered,130,297,48,32,5,Yes,0,2026-01-17 17:54:03,17,Saturday,17,Afternoon
C0565,2026-01-17,0 days 18:58:06,912000299,Product Inquiry,A07,Sales,Phone,Answered,79,332,44,49,5,No,0,2026-01-17 18:58:06,18,Saturday,17,Afternoon
C0577,2026-01-17,0 days 19:00:31,912001266,Complaint,A06,Billing,Callback,Answered,74,247,56,68,3,Yes,1,2026-01-17 19:00:31,19,Saturday,17,Afternoon
C0566,2026-01-17,0 days 19:51:39,912000899,Account Access,A02,Billing,Callback,Answered,36,261,29,32,3,Yes,0,2026-01-17 19:51:39,19,Saturday,17,Afternoon
C0616,2026-01-18,0 days 09:04:21,912000729,Order Status,A08,Sales,Phone,Answered,26,155,39,68,5,Yes,2,2026-01-18 09:04:21,9,Sunday,18,Morning
C0611,2026-01-18,0 days 09:05:41,912001337,Subscription Change,A12,Support,Phone,Answered,106,512,29,47,4,Yes,0,2026-01-18 09:05:41,9,Sunday,18,Morning
C0614,2026-01-18,0 days 09:44:26,912000292,Subscription Change,A12,Support,Phone,Answered,113,327,22,32,2,Yes,0,2026-01-18 09:44:26,9,Sunday,18,Morning
C0586,2026-01-18,0 days 09:49:49,912000704,Billing Issue,A05,Support,Phone,Answered,75,398,8,24,3,Yes,0,2026-01-18 09:49:49,9,Sunday,18,Morning
C0603,2026-01-18,0 days 10:12:15,912000411,Complaint,A05,Support,Phone,Answered,127,442,30,37,5,Yes,1,2026-01-18 10:12:15,10,Sunday,18,Morning
C0598,2026-01-18,0 days 10:24:13,912000156,Technical Problem,A12,Support,Phone,Answered,159,504,47,28,4,Yes,0,2026-01-18 10:24:13,10,Sunday,18,Morning
C0613,2026-01-18,0 days 10:47:25,912000481,Complaint,A03,Support,Phone,Abandoned,83,,,,,,0,2026-01-18 10:47:25,10,Sunday,18,Morning
C0596,2026-01-18,0 days 10:48:56,912000577,Account Access,A11,Support,Callback,Answered,112,284,79,48,2,Yes,0,2026-01-18 10:48:56,10,Sunday,18,Morning
C0606,2026-01-18,0 days 11:18:24,912000490,Account Access,A06,Support,Phone,Answered,130,330,24,32,4,No,0,2026-01-18 11:18:24,11,Sunday,18,Morning
C0600,2026-01-18,0 days 11:34:03,912000591,Order Status,A04,Billing,Phone,Abandoned,77,,,,,,0,2026-01-18 11:34:03,11,Sunday,18,Morning
C0585,2026-01-18,0 days 11:40:34,912000921,Complaint,A12,Sales,Callback,Answered,83,266,57,68,2,No,0,2026-01-18 11:40:34,11,Sunday,18,Morning
C0604,2026-01-18,0 days 12:24:10,912000067,Order Status,A10,Support,Phone,Abandoned,181,,,,,,0,2026-01-18 12:24:10,12,Sunday,18,Morning
C0587,2026-01-18,0 days 12:25:54,912000857,Complaint,A05,Sales,Phone,Answered,68,174,46,62,2,Yes,1,2026-01-18 12:25:54,12,Sunday,18,Morning
C0593,2026-01-18,0 days 12:35:40,912000255,Complaint,A09,Sales,Phone,Answered,37,170,34,33,1,Yes,0,2026-01-18 12:35:40,12,Sunday,18,Morning
C0592,2026-01-18,0 days 14:00:21,912000122,Billing Issue,A02,Billing,Phone,Answered,32,262,26,66,2,Yes,0,2026-01-18 14:00:21,14,Sunday,18,Afternoon
C0607,2026-01-18,0 days 14:25:59,912000799,Account Access,A12,Support,Phone,Answered,151,444,80,24,5,Yes,0,2026-01-18 14:25:59,14,Sunday,18,Afternoon
C0608,2026-01-18,0 days 14:36:10,912000053,Order Status,A05,Sales,Phone,Answered,58,229,70,65,5,Yes,0,2026-01-18 14:36:10,14,Sunday,18,Afternoon
C0615,2026-01-18,0 days 15:13:11,912000588,Product Inquiry,A04,Sales,Phone,Answered,90,252,18,75,2,Yes,0,2026-01-18 15:13:11,15,Sunday,18,Afternoon
C0588,2026-01-18,0 days 15:15:45,912000536,Order Status,A05,Billing,Phone,Abandoned,41,,,,,,0,2026-01-18 15:15:45,15,Sunday,18,Afternoon
C0599,2026-01-18,0 days 15:26:41,912001480,Refund Request,A04,Billing,Phone,Abandoned,82,,,,,,0,2026-01-18 15:26:41,15,Sunday,18,Afternoon
C0612,2026-01-18,0 days 15:34:42,912001318,Refund Request,A12,Billing,Phone,Answered,44,241,78,69,3,No,1,2026-01-18 15:34:42,15,Sunday,18,Afternoon
C0597,2026-01-18,0 days 16:00:14,912000153,Complaint,A02,Sales,Phone,Answered,57,249,36,59,4,Yes,0,2026-01-18 16:00:14,16,Sunday,18,Afternoon
C0594,2026-01-18,0 days 16:00:24,912000990,Account Access,A11,Sales,Phone,Answered,51,299,52,22,4,Yes,0,2026-01-18 16:00:24,16,Sunday,18,Afternoon
C0595,2026-01-18,0 days 16:06:45,912001016,Complaint,A10,Support,Callback,Answered,111,363,54,63,2,No,1,2026-01-18 16:06:45,16,Sunday,18,Afternoon
C0591,2026-01-18,0 days 16:42:57,912001065,Order Status,A08,Sales,Phone,Answered,21,236,30,35,2,Yes,0,2026-01-18 16:42:57,16,Sunday,18,Afternoon
C0609,2026-01-18,0 days 16:59:27,912000189,Account Access,A01,Support,Phone,Transferred,116,441,8,64,3,Yes,0,2026-01-18 16:59:27,16,Sunday,18,Afternoon
C0589,2026-01-18,0 days 17:38:06,912000232,Complaint,A12,Sales,Phone,Answered,45,142,39,29,5,Yes,0,2026-01-18 17:38:06,17,Sunday,18,Afternoon
C0605,2026-01-18,0 days 17:50:30,912001192,Account Access,A02,Sales,Phone,Answered,68,216,73,29,4,Yes,0,2026-01-18 17:50:30,17,Sunday,18,Afternoon
C0601,2026-01-18,0 days 18:33:20,912000076,Order Status,A02,Sales,Phone,Abandoned,14,,,,,,0,2026-01-18 18:33:20,18,Sunday,18,Afternoon
C0590,2026-01-18,0 days 18:34:13,912000427,Technical Problem,A11,Support,Phone,Abandoned,152,,,,,,0,2026-01-18 18:34:13,18,Sunday,18,Afternoon
C0602,2026-01-18,0 days 19:03:40,912000504,Account Access,A03,Billing,Callback,Answered,125,279,31,35,4,No,1,2026-01-18 19:03:40,19,Sunday,18,Afternoon
C0610,2026-01-18,0 days 19:09:16,912000688,Refund Request,A11,Sales,Phone,Abandoned,10,,,,,,0,2026-01-18 19:09:16,19,Sunday,18,Afternoon
C0640,2026-01-19,0 days 08:07:32,912000903,Order Status,A03,Sales,Callback,Answered,101,140,36,39,5,No,0,2026-01-19 08:07:32,8,Monday,19,Morning
C0617,2026-01-19,0 days 08:13:33,912000106,Technical Problem,A09,Billing,Phone,Transferred,54,279,67,50,3,Yes,1,2026-01-19 08:13:33,8,Monday,19,Morning
C0634,2026-01-19,0 days 08:32:41,912001379,Subscription Change,A03,Support,Phone,Answered,138,288,20,35,3,No,1,2026-01-19 08:32:41,8,Monday,19,Morning
C0636,2026-01-19,0 days 09:07:31,912001336,Billing Issue,A04,Support,Callback,Answered,171,402,40,64,2,No,1,2026-01-19 09:07:31,9,Monday,19,Morning
C0625,2026-01-19,0 days 09:21:24,912001409,Refund Request,A12,Billing,Phone,Answered,110,189,33,36,2,Yes,0,2026-01-19 09:21:24,9,Monday,19,Morning
C0647,2026-01-19,0 days 09:22:44,912000198,Complaint,A05,Support,Phone,Answered,76,323,45,68,4,Yes,0,2026-01-19 09:22:44,9,Monday,19,Morning
C0639,2026-01-19,0 days 10:38:44,912000901,Account Access,A06,Sales,Phone,Answered,18,287,31,61,5,Yes,0,2026-01-19 10:38:44,10,Monday,19,Morning
C0635,2026-01-19,0 days 10:47:24,912000290,Complaint,A11,Billing,Callback,Answered,79,270,53,37,1,Yes,0,2026-01-19 10:47:24,10,Monday,19,Morning
C0646,2026-01-19,0 days 11:06:24,912001149,Refund Request,A02,Billing,Phone,Answered,35,182,72,66,5,Yes,1,2026-01-19 11:06:24,11,Monday,19,Morning
C0642,2026-01-19,0 days 11:12:09,912000197,Complaint,A03,Sales,Callback,Answered,51,231,40,28,4,No,2,2026-01-19 11:12:09,11,Monday,19,Morning
C0628,2026-01-19,0 days 11:14:31,912000310,Technical Problem,A05,Support,Phone,Answered,155,497,9,58,4,Yes,0,2026-01-19 11:14:31,11,Monday,19,Morning
C0624,2026-01-19,0 days 11:30:57,912000281,Account Access,A09,Support,Phone,Answered,132,303,47,75,5,Yes,0,2026-01-19 11:30:57,11,Monday,19,Morning
C0641,2026-01-19,0 days 11:34:28,912001082,Subscription Change,A06,Sales,Phone,Answered,32,295,73,52,5,Yes,0,2026-01-19 11:34:28,11,Monday,19,Morning
C0643,2026-01-19,0 days 11:41:57,912001124,Product Inquiry,A05,Sales,Phone,Answered,70,176,73,33,5,Yes,0,2026-01-19 11:41:57,11,Monday,19,Morning
C0629,2026-01-19,0 days 11:54:45,912000184,Complaint,A04,Support,Phone,Answered,182,295,47,29,4,Yes,1,2026-01-19 11:54:45,11,Monday,19,Morning
C0631,2026-01-19,0 days 12:25:25,912000233,Subscription Change,A05,Sales,Phone,Answered,22,280,55,26,4,Yes,0,2026-01-19 12:25:25,12,Monday,19,Morning
C0620,2026-01-19,0 days 14:12:00,912000300,Technical Problem,A06,Billing,Callback,Answered,66,271,10,71,3,Yes,1,2026-01-19 14:12:00,14,Monday,19,Afternoon
C0623,2026-01-19,0 days 15:15:13,912000047,Billing Issue,A12,Sales,Callback,Answered,69,147,25,40,3,No,1,2026-01-19 15:15:13,15,Monday,19,Afternoon
C0637,2026-01-19,0 days 15:41:44,912000538,Order Status,A02,Support,Phone,Answered,161,512,73,31,3,Yes,0,2026-01-19 15:41:44,15,Monday,19,Afternoon
C0621,2026-01-19,0 days 15:47:39,912000660,Technical Problem,A08,Billing,Phone,Transferred,65,209,42,58,4,Yes,0,2026-01-19 15:47:39,15,Monday,19,Afternoon
C0622,2026-01-19,0 days 15:54:45,912000056,Order Status,A02,Support,Phone,Answered,156,420,64,30,3,No,1,2026-01-19 15:54:45,15,Monday,19,Afternoon
C0645,2026-01-19,0 days 16:04:17,912000123,Technical Problem,A09,Sales,Phone,Answered,31,162,51,41,5,Yes,1,2026-01-19 16:04:17,16,Monday,19,Afternoon
C0644,2026-01-19,0 days 16:12:45,912001397,Subscription Change,A09,Support,Phone,Answered,123,490,24,40,1,Yes,2,2026-01-19 16:12:45,16,Monday,19,Afternoon
C0618,2026-01-19,0 days 16:21:20,912000954,Refund Request,A11,Billing,Callback,Answered,27,205,47,71,4,Yes,0,2026-01-19 16:21:20,16,Monday,19,Afternoon
C0633,2026-01-19,0 days 16:23:46,912001257,Complaint,A03,Billing,Phone,Answered,105,267,26,23,3,No,0,2026-01-19 16:23:46,16,Monday,19,Afternoon
C0630,2026-01-19,0 days 17:44:47,912000370,Subscription Change,A03,Sales,Callback,Answered,60,180,7,55,4,No,1,2026-01-19 17:44:47,17,Monday,19,Afternoon
C0638,2026-01-19,0 days 17:50:51,912000604,Technical Problem,A10,Support,Phone,Answered,209,446,20,68,5,No,1,2026-01-19 17:50:51,17,Monday,19,Afternoon
C0632,2026-01-19,0 days 17:54:59,912001107,Account Access,A03,Support,Phone,Answered,158,403,42,29,2,No,1,2026-01-19 17:54:59,17,Monday,19,Afternoon
C0619,2026-01-19,0 days 17:56:59,912000700,Order Status,A09,Sales,Phone,Answered,54,203,52,48,4,Yes,0,2026-01-19 17:56:59,17,Monday,19,Afternoon
C0626,2026-01-19,0 days 17:59:12,912001195,Complaint,A06,Support,Phone,Answered,110,377,78,67,3,Yes,0,2026-01-19 17:59:12,17,Monday,19,Afternoon
C0627,2026-01-19,0 days 18:27:20,912001280,Account Access,A03,Billing,Phone,Answered,61,210,6,54,5,No,2,2026-01-19 18:27:20,18,Monday,19,Afternoon
C0648,2026-01-19,0 days 19:34:35,912001441,Billing Issue,A08,Support,Callback,Answered,113,455,70,65,3,Yes,0,2026-01-19 19:34:35,19,Monday,19,Afternoon
C0662,2026-01-20,0 days 08:30:18,912000950,Order Status,A07,Sales,Phone,Answered,52,373,36,37,5,No,1,2026-01-20 08:30:18,8,Tuesday,20,Morning
C0661,2026-01-20,0 days 09:06:50,912001025,Complaint,A09,Sales,Phone,Answered,53,200,11,63,4,Yes,1,2026-01-20 09:06:50,9,Tuesday,20,Morning
C0680,2026-01-20,0 days 09:15:29,912000088,Technical Problem,A02,Billing,Callback,Answered,37,253,6,58,2,Yes,0,2026-01-20 09:15:29,9,Tuesday,20,Morning
C0670,2026-01-20,0 days 09:26:35,912000018,Technical Problem,A09,Support,Callback,Transferred,116,394,20,47,5,Yes,0,2026-01-20 09:26:35,9,Tuesday,20,Morning
C0676,2026-01-20,0 days 09:57:39,912000569,Product Inquiry,A11,Sales,Callback,Answered,62,231,33,66,5,Yes,2,2026-01-20 09:57:39,9,Tuesday,20,Morning
C0654,2026-01-20,0 days 10:04:23,912001018,Billing Issue,A01,Billing,Phone,Answered,68,181,52,27,5,Yes,0,2026-01-20 10:04:23,10,Tuesday,20,Morning
C0664,2026-01-20,0 days 10:08:25,912001476,Technical Problem,A03,Sales,Callback,Answered,65,163,11,44,4,No,1,2026-01-20 10:08:25,10,Tuesday,20,Morning
C0657,2026-01-20,0 days 10:22:00,912000944,Technical Problem,A02,Sales,Phone,Answered,67,179,57,27,5,Yes,1,2026-01-20 10:22:00,10,Tuesday,20,Morning
C0679,2026-01-20,0 days 10:36:31,912001291,Complaint,A05,Billing,Phone,Answered,40,273,27,72,2,Yes,0,2026-01-20 10:36:31,10,Tuesday,20,Morning
C0674,2026-01-20,0 days 10:45:17,912001271,Subscription Change,A01,Support,Phone,Answered,107,290,23,37,4,Yes,1,2026-01-20 10:45:17,10,Tuesday,20,Morning
C0667,2026-01-20,0 days 11:06:42,912000227,Billing Issue,A03,Sales,Phone,Answered,92,232,80,53,3,Yes,2,2026-01-20 11:06:42,11,Tuesday,20,Morning
C0665,2026-01-20,0 days 11:21:27,912001445,Technical Problem,A11,Support,Phone,Answered,84,348,51,37,2,Yes,2,2026-01-20 11:21:27,11,Tuesday,20,Morning
C0660,2026-01-20,0 days 11:26:31,912001122,Technical Problem,A12,Support,Phone,Answered,200,479,56,52,4,Yes,1,2026-01-20 11:26:31,11,Tuesday,20,Morning
C0650,2026-01-20,0 days 11:27:33,912001335,Refund Request,A04,Billing,Callback,Answered,50,212,45,74,5,Yes,0,2026-01-20 11:27:33,11,Tuesday,20,Morning
C0658,2026-01-20,0 days 11:30:25,912000353,Technical Problem,A03,Support,Phone,Answered,117,392,61,30,1,No,0,2026-01-20 11:30:25,11,Tuesday,20,Morning
C0663,2026-01-20,0 days 11:52:27,912000596,Order Status,A02,Sales,Phone,Answered,42,296,28,32,4,Yes,2,2026-01-20 11:52:27,11,Tuesday,20,Morning
C0671,2026-01-20,0 days 15:01:10,912000459,Billing Issue,A03,Support,Phone,Answered,153,483,29,67,3,No,2,2026-01-20 15:01:10,15,Tuesday,20,Afternoon
C0672,2026-01-20,0 days 15:04:10,912000503,Account Access,A09,Support,Phone,Abandoned,121,,,,,,0,2026-01-20 15:04:10,15,Tuesday,20,Afternoon
C0652,2026-01-20,0 days 15:43:56,912000278,Complaint,A01,Support,Phone,Answered,176,470,5,65,3,Yes,0,2026-01-20 15:43:56,15,Tuesday,20,Afternoon
C0677,2026-01-20,0 days 15:55:49,912001152,Billing Issue,A12,Billing,Phone,Answered,98,192,75,33,3,Yes,1,2026-01-20 15:55:49,15,Tuesday,20,Afternoon
C0656,2026-01-20,0 days 15:57:02,912001497,Billing Issue,A08,Billing,Callback,Answered,49,218,47,39,5,Yes,0,2026-01-20 15:57:02,15,Tuesday,20,Afternoon
C0668,2026-01-20,0 days 16:05:56,912000302,Product Inquiry,A10,Sales,Phone,Answered,77,188,29,65,5,Yes,0,2026-01-20 16:05:56,16,Tuesday,20,Afternoon
C0673,2026-01-20,0 days 16:13:11,912000662,Order Status,A10,Sales,Phone,Answered,101,271,63,52,4,Yes,0,2026-01-20 16:13:11,16,Tuesday,20,Afternoon
C0675,2026-01-20,0 days 16:15:52,912000247,Product Inquiry,A11,Sales,Phone,Answered,48,234,46,25,3,No,2,2026-01-20 16:15:52,16,Tuesday,20,Afternoon
C0669,2026-01-20,0 days 16:19:46,912001363,Refund Request,A09,Support,Phone,Abandoned,75,,,,,,0,2026-01-20 16:19:46,16,Tuesday,20,Afternoon
C0678,2026-01-20,0 days 16:51:54,912001130,Technical Problem,A04,Billing,Phone,Answered,96,178,66,25,5,Yes,0,2026-01-20 16:51:54,16,Tuesday,20,Afternoon
C0649,2026-01-20,0 days 17:03:58,912001106,Account Access,A12,Support,Callback,Answered,155,397,28,48,3,No,2,2026-01-20 17:03:58,17,Tuesday,20,Afternoon
C0666,2026-01-20,0 days 18:11:02,912000831,Account Access,A06,Sales,Phone,Answered,40,211,17,47,4,No,0,2026-01-20 18:11:02,18,Tuesday,20,Afternoon
C0659,2026-01-20,0 days 18:45:12,912000927,Subscription Change,A03,Sales,Phone,Answered,77,148,25,62,5,No,1,2026-01-20 18:45:12,18,Tuesday,20,Afternoon
C0655,2026-01-20,0 days 18:54:07,912000872,Complaint,A05,Sales,Phone,Answered,57,285,55,33,5,No,1,2026-01-20 18:54:07,18,Tuesday,20,Afternoon
C0651,2026-01-20,0 days 19:10:36,912001346,Billing Issue,A09,Sales,Phone,Transferred,61,142,59,63,4,Yes,0,2026-01-20 19:10:36,19,Tuesday,20,Afternoon
C0653,2026-01-20,0 days 19:42:58,912000465,Technical Problem,A09,Billing,Callback,Answered,25,237,62,30,4,No,0,2026-01-20 19:42:58,19,Tuesday,20,Afternoon
C0701,2026-01-21,0 days 08:10:09,912001382,Order Status,A11,Support,Phone,Answered,161,339,32,71,4,Yes,0,2026-01-21 08:10:09,8,Wednesday,21,Morning
C0699,2026-01-21,0 days 08:20:05,912001260,Order Status,A06,Billing,Phone,Answered,70,224,29,40,5,Yes,1,2026-01-21 08:20:05,8,Wednesday,21,Morning
C0697,2026-01-21,0 days 08:23:41,912001241,Billing Issue,A02,Support,Phone,Answered,147,479,47,21,2,Yes,0,2026-01-21 08:23:41,8,Wednesday,21,Morning
C0707,2026-01-21,0 days 08:41:03,912000252,Order Status,A09,Support,Phone,Answered,179,306,42,44,1,Yes,0,2026-01-21 08:41:03,8,Wednesday,21,Morning
C0703,2026-01-21,0 days 08:45:49,912000956,Product Inquiry,A10,Support,Phone,Answered,117,440,68,26,4,Yes,1,2026-01-21 08:45:49,8,Wednesday,21,Morning
C0681,2026-01-21,0 days 08:53:41,912000196,Billing Issue,A02,Billing,Phone,Answered,21,261,6,70,3,Yes,0,2026-01-21 08:53:41,8,Wednesday,21,Morning
C0688,2026-01-21,0 days 09:27:46,912000349,Account Access,A03,Sales,Phone,Answered,55,221,68,47,4,No,1,2026-01-21 09:27:46,9,Wednesday,21,Morning
C0692,2026-01-21,0 days 09:44:45,912001253,Product Inquiry,A12,Sales,Phone,Transferred,44,167,79,24,3,Yes,0,2026-01-21 09:44:45,9,Wednesday,21,Morning
C0698,2026-01-21,0 days 10:00:48,912000803,Refund Request,A04,Billing,Phone,Answered,41,194,15,56,5,Yes,0,2026-01-21 10:00:48,10,Wednesday,21,Morning
C0693,2026-01-21,0 days 10:09:05,912001000,Refund Request,A07,Sales,Phone,Answered,46,322,43,50,5,Yes,0,2026-01-21 10:09:05,10,Wednesday,21,Morning
C0696,2026-01-21,0 days 10:39:03,912001032,Subscription Change,A12,Sales,Phone,Transferred,60,259,66,40,4,Yes,0,2026-01-21 10:39:03,10,Wednesday,21,Morning
C0686,2026-01-21,0 days 10:42:43,912000611,Product Inquiry,A06,Support,Callback,Transferred,104,514,68,62,5,Yes,0,2026-01-21 10:42:43,10,Wednesday,21,Morning
C0684,2026-01-21,0 days 10:58:14,912001429,Technical Problem,A03,Sales,Phone,Answered,45,238,19,51,2,Yes,1,2026-01-21 10:58:14,10,Wednesday,21,Morning
C0691,2026-01-21,0 days 12:54:54,912001338,Refund Request,A05,Billing,Callback,Answered,90,279,58,35,5,Yes,0,2026-01-21 12:54:54,12,Wednesday,21,Morning
C0712,2026-01-21,0 days 14:19:55,912000852,Billing Issue,A09,Support,Callback,Answered,103,327,11,25,5,Yes,1,2026-01-21 14:19:55,14,Wednesday,21,Afternoon
C0709,2026-01-21,0 days 14:27:12,912000275,Product Inquiry,A06,Support,Phone,Transferred,132,334,65,27,2,Yes,0,2026-01-21 14:27:12,14,Wednesday,21,Afternoon
C0711,2026-01-21,0 days 14:27:30,912000985,Billing Issue,A01,Sales,Phone,Transferred,53,248,39,36,2,Yes,0,2026-01-21 14:27:30,14,Wednesday,21,Afternoon
C0708,2026-01-21,0 days 14:29:42,912001116,Complaint,A11,Sales,Phone,Answered,62,259,18,25,5,Yes,0,2026-01-21 14:29:42,14,Wednesday,21,Afternoon
C0695,2026-01-21,0 days 14:45:53,912000958,Subscription Change,A05,Sales,Phone,Answered,37,180,39,25,3,No,0,2026-01-21 14:45:53,14,Wednesday,21,Afternoon
C0683,2026-01-21,0 days 15:15:03,912000011,Account Access,A09,Support,Phone,Answered,175,291,18,54,4,Yes,0,2026-01-21 15:15:03,15,Wednesday,21,Afternoon
C0710,2026-01-21,0 days 15:40:13,912000750,Product Inquiry,A10,Support,Phone,Abandoned,112,,,,,,0,2026-01-21 15:40:13,15,Wednesday,21,Afternoon
C0690,2026-01-21,0 days 15:44:51,912000364,Complaint,A04,Support,Phone,Answered,106,372,76,50,1,No,2,2026-01-21 15:44:51,15,Wednesday,21,Afternoon
C0704,2026-01-21,0 days 15:51:50,912000462,Billing Issue,A08,Billing,Phone,Answered,72,168,40,56,3,Yes,0,2026-01-21 15:51:50,15,Wednesday,21,Afternoon
C0700,2026-01-21,0 days 16:06:21,912000625,Technical Problem,A02,Support,Phone,Answered,169,318,8,57,4,Yes,1,2026-01-21 16:06:21,16,Wednesday,21,Afternoon
C0689,2026-01-21,0 days 16:08:51,912000265,Order Status,A07,Billing,Callback,Answered,110,371,73,54,5,Yes,1,2026-01-21 16:08:51,16,Wednesday,21,Afternoon
C0682,2026-01-21,0 days 16:12:08,912000530,Account Access,A08,Support,Phone,Abandoned,129,,,,,,0,2026-01-21 16:12:08,16,Wednesday,21,Afternoon
C0694,2026-01-21,0 days 16:18:07,912001092,Order Status,A01,Sales,Callback,Answered,21,268,25,20,5,Yes,0,2026-01-21 16:18:07,16,Wednesday,21,Afternoon
C0706,2026-01-21,0 days 16:43:08,912001451,Technical Problem,A10,Support,Phone,Transferred,129,454,57,52,5,No,0,2026-01-21 16:43:08,16,Wednesday,21,Afternoon
C0705,2026-01-21,0 days 17:16:30,912001384,Billing Issue,A08,Billing,Phone,Answered,50,232,67,22,4,Yes,0,2026-01-21 17:16:30,17,Wednesday,21,Afternoon
C0687,2026-01-21,0 days 17:50:00,912000287,Refund Request,A11,Billing,Callback,Answered,38,209,62,66,5,No,1,2026-01-21 17:50:00,17,Wednesday,21,Afternoon
C0685,2026-01-21,0 days 19:22:04,912000283,Product Inquiry,A02,Support,Phone,Transferred,147,318,27,47,4,Yes,0,2026-01-21 19:22:04,19,Wednesday,21,Afternoon
C0702,2026-01-21,0 days 19:32:33,912001428,Refund Request,A09,Billing,Phone,Transferred,63,217,21,41,5,Yes,0,2026-01-21 19:32:33,19,Wednesday,21,Afternoon
C0737,2026-01-22,0 days 08:21:13,912000546,Technical Problem,A04,Support,Phone,Answered,138,434,32,53,4,Yes,0,2026-01-22 08:21:13,8,Thursday,22,Morning
C0740,2026-01-22,0 days 08:29:18,912000580,Product Inquiry,A01,Sales,Callback,Transferred,12,226,7,24,4,No,0,2026-01-22 08:29:18,8,Thursday,22,Morning
C0731,2026-01-22,0 days 09:13:01,912001324,Product Inquiry,A12,Support,Phone,Abandoned,104,,,,,,0,2026-01-22 09:13:01,9,Thursday,22,Morning
C0728,2026-01-22,0 days 09:54:23,912001239,Billing Issue,A02,Billing,Phone,Answered,22,212,14,51,4,Yes,2,2026-01-22 09:54:23,9,Thursday,22,Morning
C0735,2026-01-22,0 days 10:02:32,912000678,Technical Problem,A10,Sales,Phone,Abandoned,77,,,,,,0,2026-01-22 10:02:32,10,Thursday,22,Morning
C0716,2026-01-22,0 days 10:12:26,912000277,Order Status,A10,Support,Phone,Answered,130,328,78,20,3,Yes,0,2026-01-22 10:12:26,10,Thursday,22,Morning
C0722,2026-01-22,0 days 10:23:53,912000471,Billing Issue,A10,Billing,Callback,Answered,69,215,35,55,4,Yes,2,2026-01-22 10:23:53,10,Thursday,22,Morning
C0733,2026-01-22,0 days 10:54:56,912000863,Billing Issue,A02,Support,Callback,Answered,168,430,44,30,3,No,1,2026-01-22 10:54:56,10,Thursday,22,Morning
C0743,2026-01-22,0 days 10:57:51,912000701,Account Access,A01,Support,Callback,Transferred,76,346,10,27,2,Yes,0,2026-01-22 10:57:51,10,Thursday,22,Morning
C0732,2026-01-22,0 days 11:12:05,912000519,Technical Problem,A05,Support,Phone,Answered,173,406,60,52,2,No,2,2026-01-22 11:12:05,11,Thursday,22,Morning
C0713,2026-01-22,0 days 11:12:22,912000496,Refund Request,A09,Billing,Phone,Answered,40,249,60,42,5,Yes,1,2026-01-22 11:12:22,11,Thursday,22,Morning
C0741,2026-01-22,0 days 11:20:48,912000124,Technical Problem,A06,Support,Phone,Answered,76,380,43,64,4,Yes,2,2026-01-22 11:20:48,11,Thursday,22,Morning
C0717,2026-01-22,0 days 11:52:55,912000667,Product Inquiry,A08,Sales,Phone,Answered,53,278,59,53,5,Yes,2,2026-01-22 11:52:55,11,Thursday,22,Morning
C0727,2026-01-22,0 days 11:59:09,912001412,Billing Issue,A10,Support,Phone,Transferred,108,517,20,26,2,Yes,0,2026-01-22 11:59:09,11,Thursday,22,Morning
C0736,2026-01-22,0 days 12:01:07,912001209,Product Inquiry,A03,Sales,Phone,Answered,30,235,52,29,4,Yes,2,2026-01-22 12:01:07,12,Thursday,22,Morning
C0715,2026-01-22,0 days 12:50:43,912001390,Account Access,A01,Support,Phone,Transferred,176,499,21,60,2,No,0,2026-01-22 12:50:43,12,Thursday,22,Morning
C0720,2026-01-22,0 days 14:14:49,912001285,Complaint,A04,Support,Phone,Transferred,106,483,64,46,4,Yes,1,2026-01-22 14:14:49,14,Thursday,22,Afternoon
C0729,2026-01-22,0 days 14:20:40,912000013,Subscription Change,A03,Billing,Callback,Answered,73,232,9,27,4,No,2,2026-01-22 14:20:40,14,Thursday,22,Afternoon
C0718,2026-01-22,0 days 14:23:11,912001058,Complaint,A07,Support,Phone,Answered,209,591,41,64,4,No,0,2026-01-22 14:23:11,14,Thursday,22,Afternoon
C0721,2026-01-22,0 days 14:23:50,912000804,Product Inquiry,A11,Sales,Phone,Answered,63,246,35,20,1,Yes,1,2026-01-22 14:23:50,14,Thursday,22,Afternoon
C0739,2026-01-22,0 days 15:17:26,912000043,Subscription Change,A10,Sales,Phone,Answered,51,287,7,38,4,No,0,2026-01-22 15:17:26,15,Thursday,22,Afternoon
C0714,2026-01-22,0 days 15:57:38,912000849,Complaint,A10,Sales,Phone,Answered,61,221,6,29,4,No,1,2026-01-22 15:57:38,15,Thursday,22,Afternoon
C0730,2026-01-22,0 days 16:34:00,912000350,Billing Issue,A02,Sales,Phone,Answered,11,277,7,53,5,Yes,0,2026-01-22 16:34:00,16,Thursday,22,Afternoon
C0725,2026-01-22,0 days 16:37:09,912000444,Order Status,A02,Sales,Phone,Answered,11,173,63,60,3,Yes,0,2026-01-22 16:37:09,16,Thursday,22,Afternoon
C0744,2026-01-22,0 days 16:50:51,912001021,Product Inquiry,A03,Support,Phone,Answered,99,361,23,68,5,No,1,2026-01-22 16:50:51,16,Thursday,22,Afternoon
C0719,2026-01-22,0 days 17:06:05,912000942,Technical Problem,A07,Support,Phone,Answered,199,588,17,60,2,Yes,0,2026-01-22 17:06:05,17,Thursday,22,Afternoon
C0724,2026-01-22,0 days 17:32:07,912000371,Account Access,A11,Support,Phone,Transferred,177,421,25,40,3,Yes,0,2026-01-22 17:32:07,17,Thursday,22,Afternoon
C0723,2026-01-22,0 days 17:51:59,912000651,Order Status,A11,Support,Phone,Answered,163,324,56,40,2,Yes,0,2026-01-22 17:51:59,17,Thursday,22,Afternoon
C0726,2026-01-22,0 days 18:19:12,912000109,Refund Request,A07,Support,Phone,Abandoned,165,,,,,,0,2026-01-22 18:19:12,18,Thursday,22,Afternoon
C0734,2026-01-22,0 days 18:27:38,912000380,Billing Issue,A10,Support,Callback,Answered,142,331,77,42,1,Yes,0,2026-01-22 18:27:38,18,Thursday,22,Afternoon
C0742,2026-01-22,0 days 18:53:23,912001168,Order Status,A04,Billing,Phone,Answered,35,173,46,75,3,Yes,0,2026-01-22 18:53:23,18,Thursday,22,Afternoon
C0738,2026-01-22,0 days 19:51:55,912000356,Technical Problem,A11,Support,Phone,Answered,166,391,45,72,4,Yes,0,2026-01-22 19:51:55,19,Thursday,22,Afternoon
C0755,2026-01-23,0 days 08:16:56,912000385,Order Status,A01,Sales,Phone,Answered,40,289,5,51,2,Yes,1,2026-01-23 08:16:56,8,Friday,23,Morning
C0756,2026-01-23,0 days 08:43:18,912000694,Billing Issue,A03,Billing,Phone,Answered,45,198,47,48,4,No,1,2026-01-23 08:43:18,8,Friday,23,Morning
C0766,2026-01-23,0 days 09:33:28,912001010,Product Inquiry,A11,Support,Phone,Abandoned,129,,,,,,0,2026-01-23 09:33:28,9,Friday,23,Morning
C0752,2026-01-23,0 days 10:03:57,912001377,Subscription Change,A02,Sales,Phone,Answered,27,197,56,45,5,Yes,0,2026-01-23 10:03:57,10,Friday,23,Morning
C0749,2026-01-23,0 days 10:19:55,912001052,Technical Problem,A08,Support,Phone,Transferred,178,341,7,49,4,Yes,0,2026-01-23 10:19:55,10,Friday,23,Morning
C0758,2026-01-23,0 days 10:26:54,912000320,Subscription Change,A06,Sales,Callback,Answered,25,287,60,43,5,Yes,0,2026-01-23 10:26:54,10,Friday,23,Morning
C0761,2026-01-23,0 days 10:43:09,912001251,Account Access,A09,Support,Phone,Answered,108,404,41,24,1,Yes,1,2026-01-23 10:43:09,10,Friday,23,Morning
C0773,2026-01-23,0 days 10:47:42,912001246,Order Status,A12,Sales,Phone,Answered,65,214,42,62,4,Yes,0,2026-01-23 10:47:42,10,Friday,23,Morning
C0760,2026-01-23,0 days 11:02:37,912001434,Account Access,A10,Support,Phone,Answered,195,425,49,38,5,Yes,0,2026-01-23 11:02:37,11,Friday,23,Morning
C0774,2026-01-23,0 days 11:24:44,912001344,Billing Issue,A07,Billing,Phone,Answered,80,327,54,20,4,Yes,0,2026-01-23 11:24:44,11,Friday,23,Morning
C0762,2026-01-23,0 days 11:37:07,912001284,Product Inquiry,A07,Sales,Phone,Answered,73,264,22,42,4,No,1,2026-01-23 11:37:07,11,Friday,23,Morning
C0767,2026-01-23,0 days 12:29:26,912000621,Refund Request,A09,Billing,Phone,Answered,73,171,22,59,4,No,1,2026-01-23 12:29:26,12,Friday,23,Morning
C0746,2026-01-23,0 days 12:53:55,912001125,Order Status,A04,Sales,Phone,Answered,39,155,32,20,4,Yes,0,2026-01-23 12:53:55,12,Friday,23,Morning
C0759,2026-01-23,0 days 14:06:17,912000027,Billing Issue,A08,Billing,Phone,Transferred,102,193,49,41,5,Yes,0,2026-01-23 14:06:17,14,Friday,23,Afternoon
C0750,2026-01-23,0 days 14:16:07,912001220,Billing Issue,A07,Billing,Phone,Answered,96,360,47,23,3,Yes,0,2026-01-23 14:16:07,14,Friday,23,Afternoon
C0768,2026-01-23,0 days 14:39:34,912000172,Account Access,A01,Billing,Callback,Answered,70,176,56,62,5,No,0,2026-01-23 14:39:34,14,Friday,23,Afternoon
C0775,2026-01-23,0 days 14:58:58,912001199,Technical Problem,A12,Support,Phone,Answered,86,371,69,74,5,Yes,1,2026-01-23 14:58:58,14,Friday,23,Afternoon
C0769,2026-01-23,0 days 15:03:05,912000378,Product Inquiry,A11,Sales,Callback,Answered,48,164,42,56,2,Yes,0,2026-01-23 15:03:05,15,Friday,23,Afternoon
C0763,2026-01-23,0 days 15:05:45,912001180,Refund Request,A04,Sales,Callback,Answered,80,214,33,22,5,Yes,0,2026-01-23 15:05:45,15,Friday,23,Afternoon
C0747,2026-01-23,0 days 15:21:13,912000249,Billing Issue,A09,Billing,Phone,Abandoned,59,,,,,,0,2026-01-23 15:21:13,15,Friday,23,Afternoon
C0776,2026-01-23,0 days 15:32:04,912000686,Product Inquiry,A11,Sales,Phone,Answered,31,257,22,37,5,Yes,1,2026-01-23 15:32:04,15,Friday,23,Afternoon
C0765,2026-01-23,0 days 16:12:16,912000961,Account Access,A05,Sales,Phone,Answered,29,285,64,54,5,No,0,2026-01-23 16:12:16,16,Friday,23,Afternoon
C0757,2026-01-23,0 days 16:16:23,912000858,Technical Problem,A05,Support,Callback,Transferred,169,449,66,27,3,Yes,0,2026-01-23 16:16:23,16,Friday,23,Afternoon
C0764,2026-01-23,0 days 16:27:25,912000775,Order Status,A05,Billing,Phone,Transferred,59,182,77,47,4,Yes,0,2026-01-23 16:27:25,16,Friday,23,Afternoon
C0753,2026-01-23,0 days 16:31:13,912001352,Product Inquiry,A11,Sales,Phone,Answered,48,213,5,26,4,No,0,2026-01-23 16:31:13,16,Friday,23,Afternoon
C0748,2026-01-23,0 days 16:41:09,912001232,Billing Issue,A03,Billing,Phone,Answered,88,217,70,32,3,Yes,2,2026-01-23 16:41:09,16,Friday,23,Afternoon
C0745,2026-01-23,0 days 16:42:07,912000960,Billing Issue,A08,Support,Phone,Answered,125,477,66,34,4,No,0,2026-01-23 16:42:07,16,Friday,23,Afternoon
C0771,2026-01-23,0 days 16:46:59,912001075,Order Status,A12,Sales,Phone,Answered,24,179,20,53,4,Yes,0,2026-01-23 16:46:59,16,Friday,23,Afternoon
C0772,2026-01-23,0 days 17:28:25,912001007,Product Inquiry,A07,Sales,Phone,Answered,38,392,61,74,4,Yes,0,2026-01-23 17:28:25,17,Friday,23,Afternoon
C0770,2026-01-23,0 days 17:43:32,912001308,Subscription Change,A04,Support,Phone,Answered,174,406,22,34,2,Yes,1,2026-01-23 17:43:32,17,Friday,23,Afternoon
C0754,2026-01-23,0 days 17:54:58,912000407,Account Access,A11,Support,Phone,Answered,93,365,63,29,3,Yes,2,2026-01-23 17:54:58,17,Friday,23,Afternoon
C0751,2026-01-23,0 days 18:12:18,912000078,Product Inquiry,A05,Sales,Phone,Answered,41,272,60,26,5,Yes,0,2026-01-23 18:12:18,18,Friday,23,Afternoon
C0790,2026-01-24,0 days 08:30:03,912000666,Billing Issue,A03,Support,Phone,Answered,151,315,19,48,5,No,0,2026-01-24 08:30:03,8,Saturday,24,Morning
C0782,2026-01-24,0 days 08:42:06,912001473,Billing Issue,A01,Sales,Callback,Answered,36,285,74,75,5,Yes,0,2026-01-24 08:42:06,8,Saturday,24,Morning
C0797,2026-01-24,0 days 08:54:39,912001186,Refund Request,A07,Support,Phone,Answered,92,460,28,62,3,Yes,0,2026-01-24 08:54:39,8,Saturday,24,Morning
C0777,2026-01-24,0 days 09:53:41,912001127,Account Access,A10,Support,Callback,Answered,175,517,69,69,4,Yes,0,2026-01-24 09:53:41,9,Saturday,24,Morning
C0787,2026-01-24,0 days 10:52:46,912000042,Technical Problem,A01,Support,Phone,Answered,79,486,77,59,1,No,0,2026-01-24 10:52:46,10,Saturday,24,Morning
C0780,2026-01-24,0 days 11:02:54,912001378,Refund Request,A06,Support,Phone,Answered,177,287,27,40,2,Yes,0,2026-01-24 11:02:54,11,Saturday,24,Morning
C0792,2026-01-24,0 days 11:03:04,912000359,Complaint,A05,Sales,Phone,Answered,32,294,36,38,5,Yes,0,2026-01-24 11:03:04,11,Saturday,24,Morning
C0804,2026-01-24,0 days 11:41:02,912000780,Refund Request,A08,Sales,Phone,Answered,39,198,12,65,1,No,2,2026-01-24 11:41:02,11,Saturday,24,Morning
C0785,2026-01-24,0 days 11:53:16,912000032,Account Access,A03,Support,Phone,Transferred,106,427,35,74,3,No,1,2026-01-24 11:53:16,11,Saturday,24,Morning
C0798,2026-01-24,0 days 12:01:58,912000084,Technical Problem,A05,Support,Callback,Answered,166,287,48,66,3,Yes,1,2026-01-24 12:01:58,12,Saturday,24,Morning
C0791,2026-01-24,0 days 12:21:27,912001112,Billing Issue,A02,Billing,Phone,Answered,49,212,73,56,5,No,0,2026-01-24 12:21:27,12,Saturday,24,Morning
C0784,2026-01-24,0 days 14:04:36,912000904,Order Status,A05,Sales,Phone,Answered,41,199,11,58,5,Yes,0,2026-01-24 14:04:36,14,Saturday,24,Afternoon
C0789,2026-01-24,0 days 14:19:50,912000071,Refund Request,A01,Billing,Callback,Transferred,23,259,30,54,4,Yes,0,2026-01-24 14:19:50,14,Saturday,24,Afternoon
C0800,2026-01-24,0 days 14:47:59,912001132,Order Status,A05,Sales,Callback,Answered,70,210,15,35,4,Yes,1,2026-01-24 14:47:59,14,Saturday,24,Afternoon
C0794,2026-01-24,0 days 15:17:20,912001408,Refund Request,A01,Support,Phone,Answered,122,460,67,37,4,No,0,2026-01-24 15:17:20,15,Saturday,24,Afternoon
C0795,2026-01-24,0 days 15:19:47,912000768,Technical Problem,A12,Support,Phone,Abandoned,99,,,,,,0,2026-01-24 15:19:47,15,Saturday,24,Afternoon
C0779,2026-01-24,0 days 15:48:14,912000895,Billing Issue,A12,Billing,Callback,Answered,48,253,54,68,2,No,2,2026-01-24 15:48:14,15,Saturday,24,Afternoon
C0793,2026-01-24,0 days 16:04:16,912000054,Technical Problem,A12,Billing,Phone,Answered,82,216,43,43,4,Yes,1,2026-01-24 16:04:16,16,Saturday,24,Afternoon
C0786,2026-01-24,0 days 16:34:44,912000773,Complaint,A05,Billing,Phone,Answered,24,203,58,36,2,No,0,2026-01-24 16:34:44,16,Saturday,24,Afternoon
C0781,2026-01-24,0 days 16:35:12,912000637,Product Inquiry,A11,Sales,Phone,Answered,22,181,60,72,2,No,0,2026-01-24 16:35:12,16,Saturday,24,Afternoon
C0778,2026-01-24,0 days 16:37:22,912000130,Product Inquiry,A02,Support,Callback,Answered,179,467,25,34,5,Yes,0,2026-01-24 16:37:22,16,Saturday,24,Afternoon
C0808,2026-01-24,0 days 17:32:50,912000217,Subscription Change,A04,Support,Phone,Answered,155,448,24,44,5,Yes,1,2026-01-24 17:32:50,17,Saturday,24,Afternoon
C0806,2026-01-24,0 days 17:43:26,912001411,Subscription Change,A05,Sales,Phone,Answered,30,295,51,41,4,No,2,2026-01-24 17:43:26,17,Saturday,24,Afternoon
C0799,2026-01-24,0 days 17:47:48,912000259,Subscription Change,A07,Sales,Phone,Transferred,100,361,64,47,5,Yes,0,2026-01-24 17:47:48,17,Saturday,24,Afternoon
C0783,2026-01-24,0 days 18:41:33,912001161,Refund Request,A10,Support,Callback,Answered,144,510,76,74,3,Yes,0,2026-01-24 18:41:33,18,Saturday,24,Afternoon
C0805,2026-01-24,0 days 18:54:22,912000346,Technical Problem,A04,Support,Phone,Answered,105,393,19,52,3,Yes,0,2026-01-24 18:54:22,18,Saturday,24,Afternoon
C0807,2026-01-24,0 days 19:18:39,912000466,Complaint,A05,Sales,Phone,Transferred,68,291,8,26,4,No,0,2026-01-24 19:18:39,19,Saturday,24,Afternoon
C0788,2026-01-24,0 days 19:26:38,912000668,Account Access,A09,Support,Callback,Answered,86,349,10,26,4,Yes,0,2026-01-24 19:26:38,19,Saturday,24,Afternoon
C0796,2026-01-24,0 days 19:44:28,912001147,Technical Problem,A02,Support,Phone,Answered,177,288,39,37,5,Yes,0,2026-01-24 19:44:28,19,Saturday,24,Afternoon
C0815,2026-01-25,0 days 08:27:01,912001276,Billing Issue,A03,Support,Callback,Answered,159,511,59,42,2,No,0,2026-01-25 08:27:01,8,Sunday,25,Morning
C0820,2026-01-25,0 days 08:47:56,912001061,Technical Problem,A09,Billing,Phone,Answered,60,172,49,38,4,Yes,0,2026-01-25 08:47:56,8,Sunday,25,Morning
C0822,2026-01-25,0 days 08:57:02,912000607,Refund Request,A04,Billing,Phone,Answered,44,186,41,56,2,Yes,0,2026-01-25 08:57:02,8,Sunday,25,Morning
C0824,2026-01-25,0 days 09:22:51,912000028,Order Status,A12,Sales,Phone,Answered,46,225,40,49,5,Yes,0,2026-01-25 09:22:51,9,Sunday,25,Morning
C0832,2026-01-25,0 days 09:49:20,912001296,Account Access,A07,Sales,Phone,Answered,59,292,39,51,5,Yes,1,2026-01-25 09:49:20,9,Sunday,25,Morning
C0818,2026-01-25,0 days 09:57:00,912001381,Subscription Change,A11,Support,Phone,Answered,111,392,27,52,4,Yes,1,2026-01-25 09:57:00,9,Sunday,25,Morning
C0821,2026-01-25,0 days 10:10:18,912001133,Billing Issue,A10,Billing,Phone,Answered,80,195,23,26,5,No,0,2026-01-25 10:10:18,10,Sunday,25,Morning
C0835,2026-01-25,0 days 10:34:12,0912000345,Account Access,A07,Billing,Callback,Answered,61,334,32,55,2,No,1,2026-01-25 10:34:12,10,Sunday,25,Morning
C0838,2026-01-25,0 days 10:47:37,912001262,Refund Request,A10,Billing,Phone,Abandoned,84,,,,,,0,2026-01-25 10:47:37,10,Sunday,25,Morning
C0840,2026-01-25,0 days 11:18:58,912000280,Complaint,A07,Support,Phone,Answered,166,507,74,65,5,Yes,0,2026-01-25 11:18:58,11,Sunday,25,Morning
C0816,2026-01-25,0 days 11:21:57,912001268,Billing Issue,A10,Billing,Phone,Answered,37,254,50,48,5,Yes,1,2026-01-25 11:21:57,11,Sunday,25,Morning
C0833,2026-01-25,0 days 11:26:14,912000696,Technical Problem,A04,Support,Phone,Abandoned,113,,,,,,0,2026-01-25 11:26:14,11,Sunday,25,Morning
C0819,2026-01-25,0 days 11:31:21,912001450,Product Inquiry,A09,Sales,Phone,Answered,64,249,41,40,5,Yes,0,2026-01-25 11:31:21,11,Sunday,25,Morning
C0811,2026-01-25,0 days 11:49:23,912000267,Refund Request,A02,Sales,Phone,Answered,38,244,51,25,5,Yes,0,2026-01-25 11:49:23,11,Sunday,25,Morning
C0813,2026-01-25,0 days 11:58:26,912001370,Refund Request,A10,Support,Phone,Answered,126,360,20,25,2,Yes,0,2026-01-25 11:58:26,11,Sunday,25,Morning
C0828,2026-01-25,0 days 14:37:15,912000479,Technical Problem,A11,Support,Phone,Transferred,108,495,34,38,3,Yes,0,2026-01-25 14:37:15,14,Sunday,25,Afternoon
C0817,2026-01-25,0 days 14:48:30,912000659,Technical Problem,A12,Support,Phone,Abandoned,200,,,,,,0,2026-01-25 14:48:30,14,Sunday,25,Afternoon
C0823,2026-01-25,0 days 14:58:07,912001191,Account Access,A02,Support,Callback,Answered,125,406,38,25,4,No,1,2026-01-25 14:58:07,14,Sunday,25,Afternoon
C0839,2026-01-25,0 days 15:01:19,912000447,Account Access,A05,Sales,Phone,Transferred,46,260,53,38,4,Yes,0,2026-01-25 15:01:19,15,Sunday,25,Afternoon
C0814,2026-01-25,0 days 15:56:49,912000473,Account Access,A08,Sales,Phone,Answered,40,207,75,65,3,Yes,1,2026-01-25 15:56:49,15,Sunday,25,Afternoon
C0827,2026-01-25,0 days 16:05:33,912001362,Billing Issue,A01,Billing,Phone,Answered,82,231,31,65,3,Yes,0,2026-01-25 16:05:33,16,Sunday,25,Afternoon
C0834,2026-01-25,0 days 16:08:38,912000685,Complaint,A01,Support,Callback,Answered,160,365,50,69,1,Yes,1,2026-01-25 16:08:38,16,Sunday,25,Afternoon
C0837,2026-01-25,0 days 16:08:52,912000030,Technical Problem,A02,Support,Phone,Answered,134,464,58,21,3,No,0,2026-01-25 16:08:52,16,Sunday,25,Afternoon
C0826,2026-01-25,0 days 16:15:08,912000638,Technical Problem,A04,Support,Callback,Answered,128,318,67,72,2,Yes,0,2026-01-25 16:15:08,16,Sunday,25,Afternoon
C0825,2026-01-25,0 days 16:20:57,912001145,Account Access,A12,Billing,Phone,Answered,76,267,76,62,5,Yes,1,2026-01-25 16:20:57,16,Sunday,25,Afternoon
C0830,2026-01-25,0 days 16:22:44,912001375,Technical Problem,A08,Support,Phone,Abandoned,205,,,,,,0,2026-01-25 16:22:44,16,Sunday,25,Afternoon
C0829,2026-01-25,0 days 16:34:30,912000170,Order Status,A05,Sales,Phone,Answered,38,223,36,62,5,Yes,0,2026-01-25 16:34:30,16,Sunday,25,Afternoon
C0812,2026-01-25,0 days 16:38:14,912001440,Order Status,A10,Support,Phone,Abandoned,113,,,,,,0,2026-01-25 16:38:14,16,Sunday,25,Afternoon
C0831,2026-01-25,0 days 16:43:15,912000415,Billing Issue,A04,Sales,Phone,Abandoned,83,,,,,,0,2026-01-25 16:43:15,16,Sunday,25,Afternoon
C0810,2026-01-25,0 days 17:54:56,912001470,Complaint,A08,Support,Phone,Answered,160,361,39,32,2,Yes,1,2026-01-25 17:54:56,17,Sunday,25,Afternoon
C0836,2026-01-25,0 days 19:06:32,912000864,Technical Problem,A03,Support,Phone,Answered,90,441,36,22,4,Yes,1,2026-01-25 19:06:32,19,Sunday,25,Afternoon
C0809,2026-01-25,0 days 19:14:36,912000336,Technical Problem,A09,Support,Phone,Abandoned,138,,,,,,0,2026-01-25 19:14:36,19,Sunday,25,Afternoon
C0843,2026-01-26,0 days 08:44:36,912000226,Billing Issue,A05,Support,Callback,Answered,171,405,74,51,3,Yes,0,2026-01-26 08:44:36,8,Monday,26,Morning
C0845,2026-01-26,0 days 09:12:28,912000820,Billing Issue,A07,Billing,Phone,Answered,112,327,58,45,5,Yes,0,2026-01-26 09:12:28,9,Monday,26,Morning
C0851,2026-01-26,0 days 09:51:33,912000400,Product Inquiry,A06,Support,Phone,Answered,179,431,40,71,3,Yes,1,2026-01-26 09:51:33,9,Monday,26,Morning
C0852,2026-01-26,0 days 10:00:50,912000772,Account Access,A10,Sales,Phone,Answered,45,140,46,24,4,Yes,1,2026-01-26 10:00:50,10,Monday,26,Morning
C0872,2026-01-26,0 days 10:10:59,912001305,Technical Problem,A12,Support,Phone,Transferred,123,472,22,28,1,No,0,2026-01-26 10:10:59,10,Monday,26,Morning
C0866,2026-01-26,0 days 10:18:16,912000853,Subscription Change,A08,Support,Phone,Answered,137,477,71,48,2,Yes,1,2026-01-26 10:18:16,10,Monday,26,Morning
C0870,2026-01-26,0 days 10:22:19,912000478,Order Status,A01,Sales,Phone,Answered,49,256,80,56,4,Yes,0,2026-01-26 10:22:19,10,Monday,26,Morning
C0849,2026-01-26,0 days 10:22:40,912000552,Technical Problem,A11,Support,Phone,Answered,94,350,41,72,4,Yes,1,2026-01-26 10:22:40,10,Monday,26,Morning
C0862,2026-01-26,0 days 11:12:44,912000599,Refund Request,A12,Support,Phone,Abandoned,89,,,,,,0,2026-01-26 11:12:44,11,Monday,26,Morning
C0863,2026-01-26,0 days 11:22:07,912001236,Product Inquiry,A12,Support,Phone,Answered,141,309,16,31,3,Yes,1,2026-01-26 11:22:07,11,Monday,26,Morning
C0871,2026-01-26,0 days 11:46:23,912000556,Technical Problem,A07,Support,Phone,Answered,133,663,18,46,3,Yes,0,2026-01-26 11:46:23,11,Monday,26,Morning
C0861,2026-01-26,0 days 14:00:42,912001387,Technical Problem,A11,Support,Callback,Answered,94,491,69,29,3,Yes,1,2026-01-26 14:00:42,14,Monday,26,Afternoon
C0848,2026-01-26,0 days 14:09:30,912001330,Technical Problem,A05,Sales,Callback,Answered,22,164,73,49,4,Yes,0,2026-01-26 14:09:30,14,Monday,26,Afternoon
C0856,2026-01-26,0 days 14:11:59,912001172,Account Access,A08,Support,Phone,Answered,104,430,44,41,2,Yes,0,2026-01-26 14:11:59,14,Monday,26,Afternoon
C0841,2026-01-26,0 days 14:14:28,912001076,Order Status,A11,Support,Phone,Answered,88,487,15,26,5,Yes,0,2026-01-26 14:14:28,14,Monday,26,Afternoon
C0869,2026-01-26,0 days 14:37:57,912000426,Account Access,A11,Sales,Phone,Answered,67,142,25,46,5,Yes,0,2026-01-26 14:37:57,14,Monday,26,Afternoon
C0847,2026-01-26,0 days 14:38:16,912000753,Technical Problem,A06,Support,Phone,Transferred,162,498,22,30,1,No,0,2026-01-26 14:38:16,14,Monday,26,Afternoon
C0853,2026-01-26,0 days 14:42:30,912001110,Billing Issue,A02,Support,Phone,Answered,120,376,54,65,3,Yes,0,2026-01-26 14:42:30,14,Monday,26,Afternoon
C0850,2026-01-26,0 days 14:49:25,912001422,Complaint,A11,Billing,Phone,Answered,29,235,24,26,3,Yes,1,2026-01-26 14:49:25,14,Monday,26,Afternoon
C0859,2026-01-26,0 days 15:06:02,912001303,Order Status,A12,Support,Phone,Answered,179,502,21,25,1,No,0,2026-01-26 15:06:02,15,Monday,26,Afternoon
C0854,2026-01-26,0 days 15:56:38,912000361,Order Status,A11,Billing,Callback,Answered,75,231,61,51,2,Yes,0,2026-01-26 15:56:38,15,Monday,26,Afternoon
C0860,2026-01-26,0 days 16:03:20,912000021,Order Status,A04,Sales,Phone,Answered,67,225,45,65,5,No,0,2026-01-26 16:03:20,16,Monday,26,Afternoon
C0842,2026-01-26,0 days 16:05:09,912000500,Subscription Change,A09,Support,Callback,Answered,99,295,68,36,4,Yes,0,2026-01-26 16:05:09,16,Monday,26,Afternoon
C0865,2026-01-26,0 days 16:11:17,912001242,Account Access,A04,Sales,Phone,Abandoned,43,,,,,,0,2026-01-26 16:11:17,16,Monday,26,Afternoon
C0858,2026-01-26,0 days 16:30:38,912000963,Technical Problem,A08,Support,Phone,Abandoned,186,,,,,,0,2026-01-26 16:30:38,16,Monday,26,Afternoon
C0844,2026-01-26,0 days 16:32:35,912000618,Subscription Change,A02,Billing,Callback,Transferred,74,249,14,44,4,Yes,0,2026-01-26 16:32:35,16,Monday,26,Afternoon
C0846,2026-01-26,0 days 16:56:43,912000560,Technical Problem,A06,Sales,Phone,Answered,20,176,42,53,5,No,0,2026-01-26 16:56:43,16,Monday,26,Afternoon
C0868,2026-01-26,0 days 17:05:32,912000064,Technical Problem,A08,Billing,Phone,Answered,60,244,28,50,4,Yes,0,2026-01-26 17:05:32,17,Monday,26,Afternoon
C0857,2026-01-26,0 days 18:38:17,912001046,Product Inquiry,A08,Sales,Phone,Answered,86,204,40,60,2,Yes,0,2026-01-26 18:38:17,18,Monday,26,Afternoon
C0855,2026-01-26,0 days 18:41:22,912001391,Order Status,A08,Sales,Callback,Answered,65,248,32,59,5,No,0,2026-01-26 18:41:22,18,Monday,26,Afternoon
C0864,2026-01-26,0 days 19:49:10,912000399,Product Inquiry,A06,Billing,Phone,Answered,51,199,29,67,2,Yes,1,2026-01-26 19:49:10,19,Monday,26,Afternoon
C0883,2026-01-27,0 days 08:18:02,912001407,Technical Problem,A06,Sales,Phone,Answered,48,234,37,47,5,Yes,0,2026-01-27 08:18:02,8,Tuesday,27,Morning
C0877,2026-01-27,0 days 08:38:48,912000724,Product Inquiry,A04,Support,Phone,Answered,105,334,43,47,2,Yes,0,2026-01-27 08:38:48,8,Tuesday,27,Morning
C0901,2026-01-27,0 days 08:43:26,912001421,Subscription Change,A07,Billing,Callback,Answered,91,421,20,65,5,Yes,1,2026-01-27 08:43:26,8,Tuesday,27,Morning
C0892,2026-01-27,0 days 08:54:36,912001080,Billing Issue,A09,Billing,Phone,Transferred,30,186,72,43,4,Yes,0,2026-01-27 08:54:36,8,Tuesday,27,Morning
C0882,2026-01-27,0 days 08:59:45,98912001202,Order Status,A10,Support,Phone,Abandoned,151,,,,,,0,2026-01-27 08:59:45,8,Tuesday,27,Morning
C0879,2026-01-27,0 days 09:43:46,912000711,Product Inquiry,A01,Sales,Callback,Answered,18,287,69,44,5,Yes,0,2026-01-27 09:43:46,9,Tuesday,27,Morning
C0873,2026-01-27,0 days 09:50:49,912000418,Complaint,A07,Sales,Phone,Answered,41,282,27,39,5,Yes,0,2026-01-27 09:50:49,9,Tuesday,27,Morning
C0878,2026-01-27,0 days 10:19:24,912000157,Account Access,A05,Support,Phone,Transferred,123,325,25,45,3,No,0,2026-01-27 10:19:24,10,Tuesday,27,Morning
C0885,2026-01-27,0 days 10:34:06,912000554,Subscription Change,A08,Sales,Phone,Answered,48,257,36,72,5,No,1,2026-01-27 10:34:06,10,Tuesday,27,Morning
C0898,2026-01-27,0 days 12:15:10,912000534,Technical Problem,A02,Support,Phone,Transferred,72,470,54,55,5,Yes,0,2026-01-27 12:15:10,12,Tuesday,27,Morning
C0897,2026-01-27,0 days 14:41:26,912000497,Billing Issue,A11,Billing,Phone,Answered,48,177,69,25,5,Yes,0,2026-01-27 14:41:26,14,Tuesday,27,Afternoon
C0874,2026-01-27,0 days 14:46:15,912000966,Technical Problem,A06,Sales,Phone,Answered,20,228,17,50,3,Yes,0,2026-01-27 14:46:15,14,Tuesday,27,Afternoon
C0899,2026-01-27,0 days 14:46:55,912000797,Product Inquiry,A12,Sales,Phone,Transferred,44,215,13,21,3,Yes,0,2026-01-27 14:46:55,14,Tuesday,27,Afternoon
C0886,2026-01-27,0 days 15:02:04,912001365,Technical Problem,A10,Support,Phone,Transferred,186,505,17,44,3,Yes,0,2026-01-27 15:02:04,15,Tuesday,27,Afternoon
C0893,2026-01-27,0 days 15:09:39,912000451,Technical Problem,A10,Support,Phone,Answered,177,472,41,55,3,No,1,2026-01-27 15:09:39,15,Tuesday,27,Afternoon
C0884,2026-01-27,0 days 15:11:18,912000083,Account Access,A06,Support,Phone,Answered,74,432,19,42,3,Yes,1,2026-01-27 15:11:18,15,Tuesday,27,Afternoon
C0888,2026-01-27,0 days 15:19:39,912000279,Technical Problem,A04,Support,Callback,Answered,168,335,60,37,2,No,1,2026-01-27 15:19:39,15,Tuesday,27,Afternoon
C0894,2026-01-27,0 days 15:24:38,912000282,Billing Issue,A07,Billing,Phone,Answered,62,299,25,69,5,Yes,1,2026-01-27 15:24:38,15,Tuesday,27,Afternoon
C0875,2026-01-27,0 days 15:24:53,912001419,Complaint,A02,Support,Phone,Answered,110,475,22,45,4,No,1,2026-01-27 15:24:53,15,Tuesday,27,Afternoon
C0896,2026-01-27,0 days 15:29:18,912000642,Account Access,A03,Billing,Phone,Answered,47,266,47,68,5,Yes,1,2026-01-27 15:29:18,15,Tuesday,27,Afternoon
C0891,2026-01-27,0 days 15:35:00,912000731,Technical Problem,A08,Support,Phone,Answered,212,407,31,54,2,Yes,0,2026-01-27 15:35:00,15,Tuesday,27,Afternoon
C0902,2026-01-27,0 days 15:46:03,912000653,Order Status,A12,Sales,Phone,Answered,55,270,61,47,5,Yes,1,2026-01-27 15:46:03,15,Tuesday,27,Afternoon
C0900,2026-01-27,0 days 16:15:50,912000785,Complaint,A11,Sales,Phone,Answered,48,224,25,35,1,No,0,2026-01-27 16:15:50,16,Tuesday,27,Afternoon
C0887,2026-01-27,0 days 16:19:27,912000987,Account Access,A12,Support,Phone,Answered,186,506,15,73,4,No,1,2026-01-27 16:19:27,16,Tuesday,27,Afternoon
C0880,2026-01-27,0 days 16:27:49,912001027,Technical Problem,A12,Sales,Phone,Answered,83,255,69,43,5,Yes,1,2026-01-27 16:27:49,16,Tuesday,27,Afternoon
C0904,2026-01-27,0 days 16:29:57,912000254,Product Inquiry,A05,Support,Phone,Answered,158,393,47,70,2,Yes,0,2026-01-27 16:29:57,16,Tuesday,27,Afternoon
C0889,2026-01-27,0 days 16:38:25,912000982,Refund Request,A05,Billing,Phone,Answered,46,162,58,62,4,Yes,0,2026-01-27 16:38:25,16,Tuesday,27,Afternoon
C0895,2026-01-27,0 days 17:26:57,912000245,Refund Request,A06,Support,Phone,Answered,155,506,45,52,4,Yes,0,2026-01-27 17:26:57,17,Tuesday,27,Afternoon
C0876,2026-01-27,0 days 17:27:38,912001137,Subscription Change,A08,Support,Phone,Answered,155,336,27,69,3,Yes,0,2026-01-27 17:27:38,17,Tuesday,27,Afternoon
C0903,2026-01-27,0 days 17:37:48,912000861,Technical Problem,A06,Billing,Phone,Answered,63,178,36,70,3,Yes,0,2026-01-27 17:37:48,17,Tuesday,27,Afternoon
C0881,2026-01-27,0 days 19:07:50,912001049,Order Status,A07,Sales,Phone,Abandoned,29,,,,,,0,2026-01-27 19:07:50,19,Tuesday,27,Afternoon
C0890,2026-01-27,0 days 19:20:06,912001492,Refund Request,A06,Sales,Phone,Answered,49,213,63,57,4,Yes,0,2026-01-27 19:20:06,19,Tuesday,27,Afternoon
C0905,2026-01-28,0 days 08:08:09,912000998,Product Inquiry,A06,Support,Phone,Answered,161,354,44,65,3,Yes,0,2026-01-28 08:08:09,8,Wednesday,28,Morning
C0907,2026-01-28,0 days 08:23:46,912001289,Order Status,A09,Support,Callback,Answered,149,510,26,42,3,Yes,0,2026-01-28 08:23:46,8,Wednesday,28,Morning
C0930,2026-01-28,0 days 09:05:35,912000821,Order Status,A09,Billing,Phone,Abandoned,31,,,,,,0,2026-01-28 09:05:35,9,Wednesday,28,Morning
C0909,2026-01-28,0 days 10:09:17,912001256,Billing Issue,A02,Support,Phone,Answered,115,407,63,56,4,No,1,2026-01-28 10:09:17,10,Wednesday,28,Morning
C0920,2026-01-28,0 days 10:21:46,912000628,Account Access,A08,Support,Phone,Answered,164,475,58,20,5,Yes,1,2026-01-28 10:21:46,10,Wednesday,28,Morning
C0934,2026-01-28,0 days 10:27:09,912000869,Billing Issue,A11,Sales,Phone,Answered,44,257,30,69,5,No,1,2026-01-28 10:27:09,10,Wednesday,28,Morning
C0922,2026-01-28,0 days 10:45:16,912000913,Product Inquiry,A06,Sales,Phone,Answered,34,223,76,55,4,No,1,2026-01-28 10:45:16,10,Wednesday,28,Morning
C0917,2026-01-28,0 days 10:48:27,912000914,Technical Problem,A08,Support,Phone,Answered,184,490,28,32,2,No,1,2026-01-28 10:48:27,10,Wednesday,28,Morning
C0916,2026-01-28,0 days 11:17:43,912000517,Technical Problem,A08,Support,Phone,Answered,181,404,5,40,3,Yes,1,2026-01-28 11:17:43,11,Wednesday,28,Morning
C0926,2026-01-28,0 days 11:33:52,912000573,Product Inquiry,A02,Sales,Phone,Abandoned,54,,,,,,0,2026-01-28 11:33:52,11,Wednesday,28,Morning
C0928,2026-01-28,0 days 11:38:47,912001119,Billing Issue,A11,Billing,Phone,Answered,70,263,67,71,5,Yes,0,2026-01-28 11:38:47,11,Wednesday,28,Morning
C0921,2026-01-28,0 days 12:51:08,912000454,Refund Request,A01,Billing,Phone,Abandoned,45,,,,,,0,2026-01-28 12:51:08,12,Wednesday,28,Morning
C0923,2026-01-28,0 days 14:17:06,912000774,Subscription Change,A12,Sales,Phone,Answered,84,260,10,69,5,Yes,0,2026-01-28 14:17:06,14,Wednesday,28,Afternoon
C0906,2026-01-28,0 days 14:18:09,912000266,Technical Problem,A03,Support,Phone,Answered,201,345,34,21,2,No,2,2026-01-28 14:18:09,14,Wednesday,28,Afternoon
C0929,2026-01-28,0 days 15:01:36,912000938,Product Inquiry,A09,Support,Phone,Transferred,111,482,73,51,1,Yes,0,2026-01-28 15:01:36,15,Wednesday,28,Afternoon
C0914,2026-01-28,0 days 15:13:38,912000851,Technical Problem,A10,Support,Phone,Answered,117,506,61,69,3,Yes,0,2026-01-28 15:13:38,15,Wednesday,28,Afternoon
C0924,2026-01-28,0 days 15:17:38,912000325,Account Access,A01,Support,Phone,Answered,105,417,52,48,2,Yes,1,2026-01-28 15:17:38,15,Wednesday,28,Afternoon
C0918,2026-01-28,0 days 15:20:49,912000737,Subscription Change,A05,Support,Phone,Transferred,96,426,24,40,4,No,0,2026-01-28 15:20:49,15,Wednesday,28,Afternoon
C0908,2026-01-28,0 days 15:24:55,912000972,Product Inquiry,A09,Billing,Phone,Answered,81,274,53,20,3,Yes,0,2026-01-28 15:24:55,15,Wednesday,28,Afternoon
C0931,2026-01-28,0 days 15:29:39,912000137,Product Inquiry,A02,Support,Phone,Abandoned,125,,,,,,0,2026-01-28 15:29:39,15,Wednesday,28,Afternoon
C0912,2026-01-28,0 days 16:11:02,912001072,Order Status,A05,Billing,Phone,Answered,44,253,13,28,3,Yes,0,2026-01-28 16:11:02,16,Wednesday,28,Afternoon
C0927,2026-01-28,0 days 16:20:54,912001056,Refund Request,A12,Support,Phone,Transferred,113,399,34,49,5,Yes,0,2026-01-28 16:20:54,16,Wednesday,28,Afternoon
C0935,2026-01-28,0 days 16:36:09,912001482,Order Status,A05,Sales,Phone,Answered,11,276,10,69,2,Yes,0,2026-01-28 16:36:09,16,Wednesday,28,Afternoon
C0913,2026-01-28,0 days 16:37:30,912001019,Product Inquiry,A01,Support,Phone,Answered,151,298,30,50,2,Yes,0,2026-01-28 16:37:30,16,Wednesday,28,Afternoon
C0915,2026-01-28,0 days 17:00:16,912001178,Billing Issue,A08,Billing,Phone,Answered,88,221,70,38,5,Yes,2,2026-01-28 17:00:16,17,Wednesday,28,Afternoon
C0925,2026-01-28,0 days 17:20:49,912000610,Order Status,A03,Support,Callback,Answered,159,423,16,48,4,No,1,2026-01-28 17:20:49,17,Wednesday,28,Afternoon
C0932,2026-01-28,0 days 17:29:28,+98912000468,Technical Problem,A03,Billing,Callback,Answered,44,242,78,41,5,No,1,2026-01-28 17:29:28,17,Wednesday,28,Afternoon
C0911,2026-01-28,0 days 18:34:55,912000163,Product Inquiry,A08,Sales,Phone,Answered,42,205,28,64,3,No,1,2026-01-28 18:34:55,18,Wednesday,28,Afternoon
C0919,2026-01-28,0 days 18:39:42,912000835,Product Inquiry,A08,Sales,Callback,Answered,83,208,34,36,4,No,0,2026-01-28 18:39:42,18,Wednesday,28,Afternoon
C0910,2026-01-28,0 days 18:50:50,912000762,Technical Problem,A04,Support,Phone,Answered,96,440,17,41,5,Yes,0,2026-01-28 18:50:50,18,Wednesday,28,Afternoon
C0936,2026-01-28,0 days 18:59:14,912001067,Order Status,A03,Support,Phone,Answered,121,519,32,69,5,Yes,1,2026-01-28 18:59:14,18,Wednesday,28,Afternoon
C0933,2026-01-28,0 days 19:56:01,912001201,Product Inquiry,A10,Support,Phone,Abandoned,82,,,,,,0,2026-01-28 19:56:01,19,Wednesday,28,Afternoon
C0938,2026-01-29,0 days 09:11:32,912000476,Account Access,A02,Billing,Phone,Answered,46,175,67,67,4,Yes,0,2026-01-29 09:11:32,9,Thursday,29,Morning
C0947,2026-01-29,0 days 09:14:16,912000907,Product Inquiry,A06,Sales,Phone,Answered,39,291,71,53,5,No,0,2026-01-29 09:14:16,9,Thursday,29,Morning
C0948,2026-01-29,0 days 09:27:23,912001047,Order Status,A01,Support,Phone,Abandoned,172,,,,,,0,2026-01-29 09:27:23,9,Thursday,29,Morning
C0945,2026-01-29,0 days 09:38:51,912000798,Account Access,A08,Support,Phone,Transferred,116,362,74,43,2,Yes,2,2026-01-29 09:38:51,9,Thursday,29,Morning
C0963,2026-01-29,0 days 09:49:17,912000590,Account Access,A05,Billing,Phone,Answered,62,213,37,42,5,Yes,0,2026-01-29 09:49:17,9,Thursday,29,Morning
C0939,2026-01-29,0 days 10:05:51,912000531,Refund Request,A09,Support,Phone,Answered,128,284,5,44,4,Yes,1,2026-01-29 10:05:51,10,Thursday,29,Morning
C0959,2026-01-29,0 days 10:09:43,912001439,Account Access,A11,Sales,Phone,Answered,29,274,18,69,5,Yes,0,2026-01-29 10:09:43,10,Thursday,29,Morning
C0954,2026-01-29,0 days 10:55:33,912000672,Order Status,A06,Support,Callback,Answered,158,415,26,43,3,Yes,0,2026-01-29 10:55:33,10,Thursday,29,Morning
C0960,2026-01-29,0 days 11:07:34,912000714,Technical Problem,A02,Support,Phone,Transferred,166,513,48,37,4,Yes,2,2026-01-29 11:07:34,11,Thursday,29,Morning
C0968,2026-01-29,0 days 11:26:51,912000075,Billing Issue,A05,Sales,Phone,Answered,53,228,50,35,4,No,0,2026-01-29 11:26:51,11,Thursday,29,Morning
C0964,2026-01-29,0 days 11:31:14,912001393,Account Access,A02,Support,Phone,Transferred,175,461,67,55,3,Yes,0,2026-01-29 11:31:14,11,Thursday,29,Morning
C0961,2026-01-29,0 days 11:40:29,912001455,Refund Request,A12,Support,Phone,Abandoned,196,,,,,,0,2026-01-29 11:40:29,11,Thursday,29,Morning
C0940,2026-01-29,0 days 12:19:53,912000713,Order Status,A11,Sales,Callback,Answered,54,161,54,50,5,No,0,2026-01-29 12:19:53,12,Thursday,29,Morning
C0950,2026-01-29,0 days 12:40:55,912000769,Billing Issue,A08,Billing,Phone,Transferred,107,193,74,48,5,Yes,0,2026-01-29 12:40:55,12,Thursday,29,Morning
C0949,2026-01-29,0 days 14:03:50,912000882,Technical Problem,A03,Sales,Phone,Answered,98,200,25,45,4,No,1,2026-01-29 14:03:50,14,Thursday,29,Afternoon
C0956,2026-01-29,0 days 14:33:26,912000250,Billing Issue,A03,Billing,Phone,Answered,68,169,37,65,5,No,1,2026-01-29 14:33:26,14,Thursday,29,Afternoon
C0943,2026-01-29,0 days 14:53:16,912001368,Order Status,A01,Support,Phone,Answered,130,288,23,46,3,Yes,0,2026-01-29 14:53:16,14,Thursday,29,Afternoon
C0937,2026-01-29,0 days 14:53:24,+98912001498,Billing Issue,A12,Sales,Callback,Answered,37,252,56,32,5,Yes,0,2026-01-29 14:53:24,14,Thursday,29,Afternoon
C0944,2026-01-29,0 days 15:10:06,912001392,Product Inquiry,A02,Sales,Callback,Answered,14,168,65,49,4,No,2,2026-01-29 15:10:06,15,Thursday,29,Afternoon
C0946,2026-01-29,0 days 15:53:54,912000110,Account Access,A09,Support,Phone,Answered,88,337,15,67,5,Yes,0,2026-01-29 15:53:54,15,Thursday,29,Afternoon
C0967,2026-01-29,0 days 15:55:33,912001073,Complaint,A11,Sales,Phone,Answered,37,146,32,56,4,Yes,0,2026-01-29 15:55:33,15,Thursday,29,Afternoon
C0957,2026-01-29,0 days 16:04:03,912000410,Product Inquiry,A08,Billing,Phone,Abandoned,73,,,,,,0,2026-01-29 16:04:03,16,Thursday,29,Afternoon
C0952,2026-01-29,0 days 16:34:08,912000006,Refund Request,A02,Sales,Callback,Answered,55,215,21,75,4,Yes,0,2026-01-29 16:34:08,16,Thursday,29,Afternoon
C0966,2026-01-29,0 days 16:52:25,912000425,Technical Problem,A11,Support,Phone,Abandoned,179,,,,,,0,2026-01-29 16:52:25,16,Thursday,29,Afternoon
C0962,2026-01-29,0 days 17:14:33,912000200,Product Inquiry,A10,Sales,Callback,Transferred,86,201,68,73,2,Yes,0,2026-01-29 17:14:33,17,Thursday,29,Afternoon
C0942,2026-01-29,0 days 17:18:23,912000181,Complaint,A07,Support,Callback,Answered,150,572,51,27,3,Yes,1,2026-01-29 17:18:23,17,Thursday,29,Afternoon
C0958,2026-01-29,0 days 17:41:26,912000507,Account Access,A06,Support,Phone,Answered,105,315,56,27,4,Yes,1,2026-01-29 17:41:26,17,Thursday,29,Afternoon
C0941,2026-01-29,0 days 18:02:09,912000824,Account Access,A01,Billing,Phone,Answered,39,177,65,68,3,Yes,0,2026-01-29 18:02:09,18,Thursday,29,Afternoon
C0955,2026-01-29,0 days 18:14:53,912000152,Subscription Change,A09,Billing,Phone,Transferred,74,269,30,37,4,No,0,2026-01-29 18:14:53,18,Thursday,29,Afternoon
C0951,2026-01-29,0 days 18:21:57,912000915,Product Inquiry,A08,Sales,Phone,Answered,70,164,48,68,4,Yes,0,2026-01-29 18:21:57,18,Thursday,29,Afternoon
C0965,2026-01-29,0 days 18:42:24,912001481,Account Access,A11,Sales,Phone,Transferred,46,164,20,68,5,Yes,0,2026-01-29 18:42:24,18,Thursday,29,Afternoon
C0953,2026-01-29,0 days 18:55:32,912001454,Order Status,A09,Sales,Callback,Answered,63,196,7,32,4,Yes,1,2026-01-29 18:55:32,18,Thursday,29,Afternoon
